mc	mn	onset	label	alt_label	volta	globalkey	localkey	pedal	chord	numeral	special	form	figbass	changes	relativeroot	phraseend	chord_type	globalkey_is_minor	localkey_is_minor	chord_tones	added_tones	root	bass_note
1	1	0	.C.I			C	I		I	I							M	0	0	0, 4, 1		0.0	0.0
2	2	3/4	V2/V			C	I		V2/V	V			2		V		Mm7	0	0	0, 2, 6, 3		2.0	0.0
3	3	0	V6			C	I		V6	V			6				M	0	0	5, 2, 1		1.0	5.0
5	5	0	IV/IV			C	I		IV/IV	IV					IV		M	0	0	-2, 2, -1		-2.0	-2.0
6	6	3/4	V2/IV			C	I		V2/IV	V			2		IV		Mm7	0	0	-2, 0, 4, 1		0.0	-2.0
7	7	0	IV6			C	I		IV6	IV			6				M	0	0	3, 0, -1		-1.0	3.0
8	8	0	iv6			C	I		iv6	iv			6				m	0	0	-4, 0, -1		-1.0	-4.0
9	9	0	V7			C	I		V7	V			7				Mm7	0	0	1, 5, 2, -1		1.0	1.0
9	9	3/4	iv6			C	I		iv6	iv			6				m	0	0	-4, 0, -1		-1.0	-4.0
10	10	0	V7			C	I		V7	V			7				Mm7	0	0	1, 5, 2, -1		1.0	1.0
10	10	1/4	iv6			C	I		iv6	iv			6				m	0	0	-4, 0, -1		-1.0	-4.0
10	10	1/2	V7			C	I		V7	V			7				Mm7	0	0	1, 5, 2, -1		1.0	1.0
10	10	3/4	iv6			C	I		iv6	iv			6				m	0	0	-4, 0, -1		-1.0	-4.0
11	11	0	V7			C	I		V7	V			7				Mm7	0	0	1, 5, 2, -1		1.0	1.0
12	12	0	i			C	I		i	i							m	0	0	0, -3, 1		0.0	0.0
13	13	0	V\\			C	I		V	V						\\	M	0	0	1, 5, 2		1.0	1.0
14	14	0	I			C	I		I	I							M	0	0	0, 4, 1		0.0	0.0
15	15	3/4	V2/V			C	I		V2/V	V			2		V		Mm7	0	0	0, 2, 6, 3		2.0	0.0
16	16	0	V6			C	I		V6	V			6				M	0	0	5, 2, 1		1.0	5.0
18	18	0	iv/vi			C	I		iv/vi	iv					vi		m	0	0	2, -1, 3		2.0	2.0
19	19	3/4	V2/vi			C	I		V2/vi	V			2		vi		Mm7	0	0	2, 4, 8, 5		4.0	2.0
20	20	0	vi6			C	I		vi6	vi			6				m	0	0	0, 4, 3		3.0	0.0
22	22	0	III.It6			C	III		It6	vii	It	o	6	b3	V		M	0	0	-4, 0, 6		6.0	-4.0
23	23	0	V			C	III		V	V							M	0	0	1, 5, 2		1.0	1.0
23	23	1/2	V(b64)			C	III		V(b64)	V				b64			M	0	0	1, 0, -3		1.0	1.0
24	24	0	V7			C	III		V7	V			7				Mm7	0	0	1, 5, 2, -1		1.0	1.0
24	24	1/2	V(b64)			C	III		V(b64)	V				b64			M	0	0	1, 0, -3		1.0	1.0
25	25	0	V			C	III		V	V							M	0	0	1, 5, 2		1.0	1.0
25	25	1/2	V(b64)			C	III		V(b64)	V				b64			M	0	0	1, 0, -3		1.0	1.0
26	26	0	V7			C	III		V7	V			7				Mm7	0	0	1, 5, 2, -1		1.0	1.0
26	26	1/2	V(b64)			C	III		V(b64)	V				b64			M	0	0	1, 0, -3		1.0	1.0
27	27	0	V			C	III		V	V							M	0	0	1, 5, 2		1.0	1.0
27	27	1/4	i			C	III		i	i							m	0	0	0, -3, 1		0.0	0.0
27	27	1/2	V			C	III		V	V							M	0	0	1, 5, 2		1.0	1.0
27	27	3/4	i			C	III		i	i							m	0	0	0, -3, 1		0.0	0.0
28	28	0	V			C	III		V	V							M	0	0	1, 5, 2		1.0	1.0
28	28	1/4	V(b64)			C	III		V(b64)	V				b64			M	0	0	1, 0, -3		1.0	1.0
28	28	1/2	V			C	III		V	V							M	0	0	1, 5, 2		1.0	1.0
28	28	3/4	V(b64)			C	III		V(b64)	V				b64			M	0	0	1, 0, -3		1.0	1.0
29	29	0	V\\			C	III		V	V						\\	M	0	0	1, 5, 2		1.0	1.0
29	29	1/4	V64			C	III		V64	V			64				M	0	0	2, 1, 5		1.0	2.0
29	29	1/2	V6			C	III		V6	V			6				M	0	0	5, 2, 1		1.0	5.0
29	29	3/4	V			C	III		V	V							M	0	0	1, 5, 2		1.0	1.0
30	30	0	V64			C	III		V64	V			64				M	0	0	2, 1, 5		1.0	2.0
30	30	1/4	V6			C	III		V6	V			6				M	0	0	5, 2, 1		1.0	5.0
30	30	1/2	V			C	III		V	V							M	0	0	1, 5, 2		1.0	1.0
31	31	1/4	IV6	vi		C	III		IV6	IV			6				M	0	0	3, 0, -1		-1.0	3.0
31	31	1/2	V6			C	III		V6	V			6				M	0	0	5, 2, 1		1.0	5.0
31	31	3/4	IV6	vi		C	III		IV6	IV			6				M	0	0	3, 0, -1		-1.0	3.0
32	32	0	V6	viio		C	III		V6	V			6				M	0	0	5, 2, 1		1.0	5.0
32	32	1/4	I			C	III		I	I							M	0	0	0, 4, 1		0.0	0.0
32	32	1/2	viio6	V64		C	III		viio6	vii		o	6				o	0	0	2, -1, 5		5.0	2.0
32	32	3/4	I			C	III		I	I							M	0	0	0, 4, 1		0.0	0.0
33	33	0	viio6	ii		C	III		viio6	vii		o	6				o	0	0	2, -1, 5		5.0	2.0
33	33	1/4	I6			C	III		I6	I			6				M	0	0	4, 1, 0		0.0	4.0
33	33	1/2	viio6	ii		C	III		viio6	vii		o	6				o	0	0	2, -1, 5		5.0	2.0
33	33	3/4	I6(11)			C	III		I6(11)	I			6	11			M	0	0	4, 1, 0	-1	0.0	4.0
34	34	0	IV			C	III		IV	IV							M	0	0	-1, 3, 0		-1.0	-1.0
34	34	1/4	V7			C	III		V7	V			7				Mm7	0	0	1, 5, 2, -1		1.0	1.0
34	34	1/2	IV6			C	III		IV6	IV			6				M	0	0	3, 0, -1		-1.0	3.0
34	34	3/4	viio			C	III		viio	vii		o					o	0	0	5, 2, -1		5.0	5.0
35	35	0	I			C	III		I	I							M	0	0	0, 4, 1		0.0	0.0
35	35	1/2	V7			C	III		V7	V			7				Mm7	0	0	1, 5, 2, -1		1.0	1.0
35	35	3/4	vi			C	III		vi	vi							m	0	0	3, 0, 4		3.0	3.0
36	36	0	V7/vi			C	III		V7/vi	V			7		vi		Mm7	0	0	4, 8, 5, 2		4.0	4.0
36	36	1/2	IV			C	III		IV	IV							M	0	0	-1, 3, 0		-1.0	-1.0
37	37	0	V43			C	III		V43	V			43				Mm7	0	0	2, -1, 1, 5		1.0	2.0
37	37	1/2	I6			C	III		I6	I			6				M	0	0	4, 1, 0		0.0	4.0
37	37	3/4	ii65			C	III		ii65	ii			65				mm7	0	0	-1, 3, 0, 2		2.0	-1.0
38	38	0	V(64)			C	III		V(64)	V				64			M	0	0	1, 0, 4		1.0	1.0
38	38	1/2	V			C	III		V	V							M	0	0	1, 5, 2		1.0	1.0
38	38	3/4	V7			C	III		V7	V			7				Mm7	0	0	1, 5, 2, -1		1.0	1.0
39	39	0	I			C	III		I	I							M	0	0	0, 4, 1		0.0	0.0
39	39	1/2	V7			C	III		V7	V			7				Mm7	0	0	1, 5, 2, -1		1.0	1.0
39	39	3/4	vi			C	III		vi	vi							m	0	0	3, 0, 4		3.0	3.0
40	40	0	V7/vi			C	III		V7/vi	V			7		vi		Mm7	0	0	4, 8, 5, 2		4.0	4.0
40	40	1/2	IV			C	III		IV	IV							M	0	0	-1, 3, 0		-1.0	-1.0
41	41	0	V(64)			C	III		V(64)	V				64			M	0	0	1, 0, 4		1.0	1.0
41	41	1/4	V7			C	III		V7	V			7				Mm7	0	0	1, 5, 2, -1		1.0	1.0
41	41	1/2	V7(9)			C	III		V7(9)	V			7	9			Mm7	0	0	1, 5, 2, -1	3	1.0	1.0
41	41	3/4	V7			C	III		V7	V			7				Mm7	0	0	1, 5, 2, -1		1.0	1.0
42	42	0	I\\			C	III		I	I						\\	M	0	0	0, 4, 1		0.0	0.0
43	43	1/2	V7			C	III		V7	V			7				Mm7	0	0	1, 5, 2, -1		1.0	1.0
43	43	3/4	vi			C	III		vi	vi							m	0	0	3, 0, 4		3.0	3.0
44	44	0	V7/vi			C	III		V7/vi	V			7		vi		Mm7	0	0	4, 8, 5, 2		4.0	4.0
44	44	1/2	IV			C	III		IV	IV							M	0	0	-1, 3, 0		-1.0	-1.0
45	45	0	V43			C	III		V43	V			43				Mm7	0	0	2, -1, 1, 5		1.0	2.0
45	45	1/2	I6			C	III		I6	I			6				M	0	0	4, 1, 0		0.0	4.0
45	45	3/4	ii6			C	III		ii6	ii			6				m	0	0	-1, 3, 2		2.0	-1.0
46	46	0	V(64)			C	III		V(64)	V				64			M	0	0	1, 0, 4		1.0	1.0
46	46	1/2	V			C	III		V	V							M	0	0	1, 5, 2		1.0	1.0
46	46	3/4	V7(9)			C	III		V7(9)	V			7	9			Mm7	0	0	1, 5, 2, -1	3	1.0	1.0
46	46	5/6	vi7			C	III		vi7	vi			7				mm7	0	0	3, 0, 4, 1		3.0	3.0
46	46	11/12	viio			C	III		viio	vii		o					o	0	0	5, 2, -1		5.0	5.0
47	47	0	I			C	III		I	I							M	0	0	0, 4, 1		0.0	0.0
47	47	1/2	V7			C	III		V7	V			7				Mm7	0	0	1, 5, 2, -1		1.0	1.0
47	47	3/4	vi			C	III		vi	vi							m	0	0	3, 0, 4		3.0	3.0
48	48	0	V7/vi			C	III		V7/vi	V			7		vi		Mm7	0	0	4, 8, 5, 2		4.0	4.0
48	48	1/2	IV			C	III		IV	IV							M	0	0	-1, 3, 0		-1.0	-1.0
49	49	0	V(64)			C	III		V(64)	V				64			M	0	0	1, 0, 4		1.0	1.0
49	49	1/4	V7			C	III		V7	V			7				Mm7	0	0	1, 5, 2, -1		1.0	1.0
49	49	1/2	V7(9)			C	III		V7(9)	V			7	9			Mm7	0	0	1, 5, 2, -1	3	1.0	1.0
49	49	3/4	V7			C	III		V7	V			7				Mm7	0	0	1, 5, 2, -1		1.0	1.0
50	50	0	I\\			C	III		I	I						\\	M	0	0	0, 4, 1		0.0	0.0
50	50	1/4	V(64)			C	III		V(64)	V				64			M	0	0	1, 0, 4		1.0	1.0
50	50	1/2	V			C	III		V	V							M	0	0	1, 5, 2		1.0	1.0
50	50	3/4	V7			C	III		V7	V			7				Mm7	0	0	1, 5, 2, -1		1.0	1.0
51	51	0	V(64)			C	III		V(64)	V				64			M	0	0	1, 0, 4		1.0	1.0
51	51	1/2	V7			C	III		V7	V			7				Mm7	0	0	1, 5, 2, -1		1.0	1.0
52	52	0	I6			C	III		I6	I			6				M	0	0	4, 1, 0		0.0	4.0
52	52	1/4	V(64)			C	III		V(64)	V				64			M	0	0	1, 0, 4		1.0	1.0
52	52	1/2	V			C	III		V	V							M	0	0	1, 5, 2		1.0	1.0
52	52	3/4	V65			C	III		V65	V			65				Mm7	0	0	5, 2, -1, 1		1.0	5.0
53	53	0	V(64)			C	III		V(64)	V				64			M	0	0	1, 0, 4		1.0	1.0
53	53	1/4	I			C	III		I	I							M	0	0	0, 4, 1		0.0	0.0
53	53	1/2	V65			C	III		V65	V			65				Mm7	0	0	5, 2, -1, 1		1.0	5.0
53	53	3/4	V43			C	III		V43	V			43				Mm7	0	0	2, -1, 1, 5		1.0	2.0
54	54	0	I6			C	III		I6	I			6				M	0	0	4, 1, 0		0.0	4.0
54	54	1/4	I			C	III		I	I							M	0	0	0, 4, 1		0.0	0.0
54	54	1/2	V65			C	III		V65	V			65				Mm7	0	0	5, 2, -1, 1		1.0	5.0
54	54	3/4	V7			C	III		V7	V			7				Mm7	0	0	1, 5, 2, -1		1.0	1.0
55	55	0	I			C	III		I	I							M	0	0	0, 4, 1		0.0	0.0
55	55	1/4	V(64)			C	III		V(64)	V				64			M	0	0	1, 0, 4		1.0	1.0
55	55	1/2	V43			C	III		V43	V			43				Mm7	0	0	2, -1, 1, 5		1.0	2.0
55	55	3/4	V2			C	III		V2	V			2				Mm7	0	0	-1, 1, 5, 2		1.0	-1.0
56	56	0	I6			C	III		I6	I			6				M	0	0	4, 1, 0		0.0	4.0
56	56	1/4	I			C	III		I	I							M	0	0	0, 4, 1		0.0	0.0
56	56	1/2	V43			C	III		V43	V			43				Mm7	0	0	2, -1, 1, 5		1.0	2.0
56	56	3/4	V2			C	III		V2	V			2				Mm7	0	0	-1, 1, 5, 2		1.0	-1.0
57	57	0	I6			C	III		I6	I			6				M	0	0	4, 1, 0		0.0	4.0
57	57	1/4	I			C	III		I	I							M	0	0	0, 4, 1		0.0	0.0
57	57	1/2	V43			C	III		V43	V			43				Mm7	0	0	2, -1, 1, 5		1.0	2.0
57	57	3/4	V2			C	III		V2	V			2				Mm7	0	0	-1, 1, 5, 2		1.0	-1.0
58	58	0	I			C	III		I	I							M	0	0	0, 4, 1		0.0	0.0
58	58	1/4	V43			C	III		V43	V			43				Mm7	0	0	2, -1, 1, 5		1.0	2.0
58	58	1/2	I			C	III		I	I							M	0	0	0, 4, 1		0.0	0.0
58	58	3/4	V43			C	III		V43	V			43				Mm7	0	0	2, -1, 1, 5		1.0	2.0
59	59	0	I6			C	III		I6	I			6				M	0	0	4, 1, 0		0.0	4.0
59	59	1/8	V2			C	III		V2	V			2				Mm7	0	0	-1, 1, 5, 2		1.0	-1.0
59	59	1/4	I6			C	III		I6	I			6				M	0	0	4, 1, 0		0.0	4.0
59	59	3/8	V2			C	III		V2	V			2				Mm7	0	0	-1, 1, 5, 2		1.0	-1.0
59	59	1/2	I6			C	III		I6	I			6				M	0	0	4, 1, 0		0.0	4.0
59	59	5/8	V2			C	III		V2	V			2				Mm7	0	0	-1, 1, 5, 2		1.0	-1.0
59	59	3/4	I6			C	III		I6	I			6				M	0	0	4, 1, 0		0.0	4.0
59	59	7/8	V2			C	III		V2	V			2				Mm7	0	0	-1, 1, 5, 2		1.0	-1.0
60	60	0	I6\\			C	III		I6	I			6			\\	M	0	0	4, 1, 0		0.0	4.0
60	60	1/8	V65/IV			C	III		V65/IV	V			65		IV		Mm7	0	0	4, 1, -2, 0		0.0	4.0
62	62	0	IV			C	III		IV	IV							M	0	0	-1, 3, 0		-1.0	-1.0
64	64	0	V65/V			C	III		V65/V	V			65		V		Mm7	0	0	6, 3, 0, 2		2.0	6.0
66	66	0	V(64)			C	III		V(64)	V				64			M	0	0	1, 0, 4		1.0	1.0
67	67	1/2	I6			C	III		I6	I			6				M	0	0	4, 1, 0		0.0	4.0
67	67	3/4	I			C	III		I	I							M	0	0	0, 4, 1		0.0	0.0
67	67	7/8	V(64)			C	III		V(64)	V				64			M	0	0	1, 0, 4		1.0	1.0
68	68	0	I6			C	III		I6	I			6				M	0	0	4, 1, 0		0.0	4.0
68	68	1/4	V(64)			C	III		V(64)	V				64			M	0	0	1, 0, 4		1.0	1.0
68	68	1/2	I			C	III		I	I							M	0	0	0, 4, 1		0.0	0.0
68	68	3/4	I6			C	III		I6	I			6				M	0	0	4, 1, 0		0.0	4.0
69	69	0	V(64)			C	III		V(64)	V				64			M	0	0	1, 0, 4		1.0	1.0
70	70	0	V7			C	III		V7	V			7				Mm7	0	0	1, 5, 2, -1		1.0	1.0
72	72	0	V65			C	III		V65	V			65				Mm7	0	0	5, 2, -1, 1		1.0	5.0
74	74	0	I\\			C	III		I	I						\\	M	0	0	0, 4, 1		0.0	0.0
74	74	1/2	V7/iv			C	III		V7/iv	V			7		iv		Mm7	0	0	0, 4, 1, -2		0.0	0.0
75	75	0	V(64)/iv			C	III		V(64)/iv	V				64	iv		M	0	0	0, -1, -4		0.0	0.0
75	75	1/2	V7/iv			C	III		V7/iv	V			7		iv		Mm7	0	0	0, 4, 1, -2		0.0	0.0
76	76	0	iv			C	III		iv	iv							m	0	0	-1, -4, 0		-1.0	-1.0
76	76	1/2	iio6			C	III		iio6	ii		o	6				o	0	0	-1, -4, 2		2.0	-1.0
77	77	0	V(b64)			C	III		V(b64)	V				b64			M	0	0	1, 0, -3		1.0	1.0
77	77	1/2	V7			C	III		V7	V			7				Mm7	0	0	1, 5, 2, -1		1.0	1.0
78	78	0	I	i		C	III		I	I							M	0	0	0, 4, 1		0.0	0.0
78	78	1/2	V7/iv			C	III		V7/iv	V			7		iv		Mm7	0	0	0, 4, 1, -2		0.0	0.0
79	79	0	V(64)/iv			C	III		V(64)/iv	V				64	iv		M	0	0	0, -1, -4		0.0	0.0
79	79	1/2	V7/iv			C	III		V7/iv	V			7		iv		Mm7	0	0	0, 4, 1, -2		0.0	0.0
80	80	0	iv			C	III		iv	iv							m	0	0	-1, -4, 0		-1.0	-1.0
80	80	1/2	iio6			C	III		iio6	ii		o	6				o	0	0	-1, -4, 2		2.0	-1.0
81	81	0	V(b64)			C	III		V(b64)	V				b64			M	0	0	1, 0, -3		1.0	1.0
81	81	1/2	V7			C	III		V7	V			7				Mm7	0	0	1, 5, 2, -1		1.0	1.0
82	82	0	i\\			C	III		i	i						\\	m	0	0	0, -3, 1		0.0	0.0
82	82	1/4	i6			C	III		i6	i			6				m	0	0	-3, 1, 0		0.0	-3.0
82	82	1/2	iv			C	III		iv	iv							m	0	0	-1, -4, 0		-1.0	-1.0
82	82	3/4	.bII6			C	III											0	0				
83	83	0	V(b64)			C	III		V(b64)	V				b64			M	0	0	1, 0, -3		1.0	1.0
83	83	1/2	V7			C	III		V7	V			7				Mm7	0	0	1, 5, 2, -1		1.0	1.0
84	84	0	I.I			C	I		I	I							M	0	0	0, 4, 1		0.0	0.0
84	84	1/4	I6			C	I		I6	I			6				M	0	0	4, 1, 0		0.0	4.0
84	84	1/2	IV			C	I		IV	IV							M	0	0	-1, 3, 0		-1.0	-1.0
84	84	3/4	ii6			C	I		ii6	ii			6				m	0	0	-1, 3, 2		2.0	-1.0
85	85	0	V(64)			C	I		V(64)	V				64			M	0	0	1, 0, 4		1.0	1.0
85	85	1/2	V7			C	I		V7	V			7				Mm7	0	0	1, 5, 2, -1		1.0	1.0
86	85	0	I\\		1	C	I		I	I						\\	M	0	0	0, 4, 1		0.0	0.0
87	85	3/4	V2/V			C	I		V2/V	V			2		V		Mm7	0	0	0, 2, 6, 3		2.0	0.0
88	86	0	I\\		1	C	I		I	I						\\	M	0	0	0, 4, 1		0.0	0.0
88	86	1/4	IV6		1	C	I		IV6	IV			6				M	0	0	3, 0, -1		-1.0	3.0
88	86	1/2	IV/IV		1	C	I		IV/IV	IV					IV		M	0	0	-2, 2, -1		-2.0	-2.0
88	86	3/4	ii6/IV		1	C	I		ii6/IV	ii			6		IV		m	0	0	-2, 2, 1		1.0	-2.0
89	87	0	V(64)/IV			C	I		V(64)/IV	V				64	IV		M	0	0	0, -1, 3		0.0	0.0
89	87	1/2	V7/IV			C	I		V7/IV	V			7		IV		Mm7	0	0	0, 4, 1, -2		0.0	0.0
90	88	0	vi/IV			C	I		vi/IV	vi					IV		m	0	0	2, -1, 3		2.0	2.0
90	88	1/4	IV6			C	I		IV6	IV			6				M	0	0	3, 0, -1		-1.0	3.0
90	88	1/2	IV/IV			C	I		IV/IV	IV					IV		M	0	0	-2, 2, -1		-2.0	-2.0
90	88	3/4	ii6/IV			C	I		ii6/IV	ii			6		IV		m	0	0	-2, 2, 1		1.0	-2.0
91	89	0	V(64)/IV			C	I		V(64)/IV	V				64	IV		M	0	0	0, -1, 3		0.0	0.0
91	89	1/2	V7/IV			C	I		V7/IV	V			7		IV		Mm7	0	0	0, 4, 1, -2		0.0	0.0
92	90	0	IV\\			C	I		IV	IV						\\	M	0	0	-1, 3, 0		-1.0	-1.0
93	91	3/4	V2			C	I		V2	V			2				Mm7	0	0	-1, 1, 5, 2		1.0	-1.0
94	92	0	I6			C	I		I6	I			6				M	0	0	4, 1, 0		0.0	4.0
95	93	0	i6			C	I		i6	i			6				m	0	0	-3, 1, 0		0.0	-3.0
96	94	0	V/v			C	I		V/v	V					v		M	0	0	2, 6, 3		2.0	2.0
97	95	0	V6(b9)/v			C	I		V6(b9)/v	V			6	b9	v		M	0	0	6, 3, 2	-10	2.0	6.0
97	95	1/2	V6/v			C	I		V6/v	V			6		v		M	0	0	6, 3, 2		2.0	6.0
98	96	0	v			C	I		v	v							m	0	0	1, -2, 2		1.0	1.0
98	96	1/2	V43/v			C	I		V43/v	V			43		v		Mm7	0	0	3, 0, 2, 6		2.0	3.0
98	96	3/4	V64/v			C	I		V64/v	V			64		v		M	0	0	3, 2, 6		2.0	3.0
99	97	0	v6			C	I		v6	v			6				m	0	0	-2, 2, 1		1.0	-2.0
99	97	1/2	V6(b9)/v			C	I		V6(b9)/v	V			6	b9	v		M	0	0	6, 3, 2	-10	2.0	6.0
99	97	3/4	V6/v			C	I		V6/v	V			6		v		M	0	0	6, 3, 2		2.0	6.0
100	98	0	v			C	I		v	v							m	0	0	1, -2, 2		1.0	1.0
100	98	1/2	V43/v			C	I		V43/v	V			43		v		Mm7	0	0	3, 0, 2, 6		2.0	3.0
100	98	3/4	V64/v			C	I		V64/v	V			64		v		M	0	0	3, 2, 6		2.0	3.0
101	99	0	v6			C	I		v6	v			6				m	0	0	-2, 2, 1		1.0	-2.0
101	99	1/2	V6(b9)			C	I		V6(b9)	V			6	b9			M	0	0	5, 2, 1	-4	1.0	5.0
101	99	3/4	V6			C	I		V6	V			6				M	0	0	5, 2, 1		1.0	5.0
102	100	0	i			C	I		i	i							m	0	0	0, -3, 1		0.0	0.0
102	100	1/2	V43			C	I		V43	V			43				Mm7	0	0	2, -1, 1, 5		1.0	2.0
102	100	3/4	V64			C	I		V64	V			64				M	0	0	2, 1, 5		1.0	2.0
103	101	0	i6			C	I		i6	i			6				m	0	0	-3, 1, 0		0.0	-3.0
103	101	1/2	V6(b9)			C	I		V6(b9)	V			6	b9			M	0	0	5, 2, 1	-4	1.0	5.0
103	101	3/4	V6			C	I		V6	V			6				M	0	0	5, 2, 1		1.0	5.0
104	102	0	i			C	I		i	i							m	0	0	0, -3, 1		0.0	0.0
104	102	1/2	V43			C	I		V43	V			43				Mm7	0	0	2, -1, 1, 5		1.0	2.0
104	102	3/4	V64			C	I		V64	V			64				M	0	0	2, 1, 5		1.0	2.0
105	103	0	i6			C	I		i6	i			6				m	0	0	-3, 1, 0		0.0	-3.0
105	103	1/2	V6(b9)/iv			C	I		V6(b9)/iv	V			6	b9	iv		M	0	0	4, 1, 0	-12	0.0	4.0
105	103	3/4	V6/iv			C	I		V6/iv	V			6		iv		M	0	0	4, 1, 0		0.0	4.0
106	104	0	iv			C	I		iv	iv							m	0	0	-1, -4, 0		-1.0	-1.0
106	104	1/2	.bvii64			C	I											0	0				
107	105	0	.bVM2			C	I											0	0				
107	105	1/2	.bI6			C	I											0	0				
108	106	0	V2/bvii			C	I		V2/bvii	V			2		bvii		Mm7	0	0	-3, -1, 3, 0		-1.0	-3.0
108	106	1/2	.bvii6			C	I											0	0				
109	107	0	V2/bVI			C	I		V2/bVI	V			2		bVI		Mm7	0	0	-5, -3, 1, -2		-3.0	-5.0
109	107	1/2	.bVI6			C	I											0	0				
110	108	0	.bIIM2			C	I											0	0				
110	108	1/2	.bV6			C	I											0	0				
111	109	0	V2/iv			C	I		V2/iv	V			2		iv		Mm7	0	0	-2, 0, 4, 1		0.0	-2.0
111	109	1/2	iv6			C	I		iv6	iv			6				m	0	0	-4, 0, -1		-1.0	-4.0
112	110	0	V43/iv			C	I		V43/iv	V			43		iv		Mm7	0	0	1, -2, 0, 4		0.0	1.0
112	110	1/2	iv			C	I		iv	iv							m	0	0	-1, -4, 0		-1.0	-1.0
113	111	0	V6/iv			C	I		V6/iv	V			6		iv		M	0	0	4, 1, 0		0.0	4.0
113	111	1/4	v6/iv			C	I		v6/iv	v			6		iv		m	0	0	-3, 1, 0		0.0	-3.0
113	111	1/2	#vi%7/iv			C	I		#vi%7/iv	#vi		%	7		iv		%7	0	0	2, 1, 8, 0		2.0	2.0
113	111	3/4	.It6/iv			C	I											0	0				
114	112	0	V/iv\\			C	I		V/iv	V					iv	\\	M	0	0	0, 4, 1		0.0	0.0
114	112	1/4	V(64)			C	I		V(64)	V				64			M	0	0	1, 0, 4		1.0	1.0
114	112	1/2	V			C	I		V	V							M	0	0	1, 5, 2		1.0	1.0
114	112	3/4	V65			C	I		V65	V			65				Mm7	0	0	5, 2, -1, 1		1.0	5.0
115	113	0	I6			C	I		I6	I			6				M	0	0	4, 1, 0		0.0	4.0
115	113	1/4	I			C	I		I	I							M	0	0	0, 4, 1		0.0	0.0
115	113	1/2	viio43(+2)			C	I		viio43(+2)	vii		o	43	+2			o7	0	0	-1, -4, 5, 2	0	5.0	-1.0
116	114	0	V43(b9)/IV			C	I		V43(b9)/IV	V			43	b9	IV		Mm7	0	0	1, -2, 0, 4	-5	0.0	1.0
116	114	1/2	V7(b9)/IV			C	I		V7(b9)/IV	V			7	b9	IV		Mm7	0	0	0, 4, 1, -2	-5	0.0	0.0
117	115	1/2	V7/IV			C	I		V7/IV	V			7		IV		Mm7	0	0	0, 4, 1, -2		0.0	0.0
118	116	0	IV			C	I		IV	IV							M	0	0	-1, 3, 0		-1.0	-1.0
118	116	1/4	V(64)/IV			C	I		V(64)/IV	V				64	IV		M	0	0	0, -1, 3		0.0	0.0
118	116	1/2	V/IV			C	I		V/IV	V					IV		M	0	0	0, 4, 1		0.0	0.0
118	116	3/4	V65/IV			C	I		V65/IV	V			65		IV		Mm7	0	0	4, 1, -2, 0		0.0	4.0
119	117	0	IV6			C	I		IV6	IV			6				M	0	0	3, 0, -1		-1.0	3.0
119	117	1/4	IV			C	I		IV	IV							M	0	0	-1, 3, 0		-1.0	-1.0
119	117	1/2	viio43(+2)/IV			C	I		viio43(+2)/IV	vii		o	43	+2	IV		o7	0	0	-2, -5, 4, 1	-1	4.0	-2.0
120	118	0	V43(b9)/bVII			C	I		V43(b9)/bVII	V			43	b9	bVII		Mm7	0	0	0, -3, -1, 3	-6	-1.0	0.0
120	118	1/2	V7(b9)/bVII			C	I		V7(b9)/bVII	V			7	b9	bVII		Mm7	0	0	-1, 3, 0, -3	-6	-1.0	-1.0
121	119	1/2	V7(b9)/bVII			C	I		V7(b9)/bVII	V			7	b9	bVII		Mm7	0	0	-1, 3, 0, -3	-6	-1.0	-1.0
122	120	0	.bVII			C	I											0	0				
122	120	1/4	V(64)/bVII			C	I		V(64)/bVII	V				64	bVII		M	0	0	-1, -2, 2		-1.0	-1.0
122	120	1/2	V/bVII			C	I		V/bVII	V					bVII		M	0	0	-1, 3, 0		-1.0	-1.0
122	120	3/4	V65/bVII			C	I		V65/bVII	V			65		bVII		Mm7	0	0	3, 0, -3, -1		-1.0	3.0
123	121	0	.bVII6			C	I											0	0				
123	121	1/4	.bVII			C	I											0	0				
123	121	1/2	viio43(+2)/bVII			C	I		viio43(+2)/bVII	vii		o	43	+2	bVII		o7	0	0	-3, -6, 3, 0	-2	3.0	-3.0
124	122	0	V43(b9)/biii			C	I		V43(b9)/biii	V			43	b9	biii		Mm7	0	0	-1, -4, -2, 2	-14	-2.0	-1.0
124	122	1/2	V7(b9)/biii			C	I		V7(b9)/biii	V			7	b9	biii		Mm7	0	0	-2, 2, -1, -4	-14	-2.0	-2.0
125	123	1/4	V7/biii			C	I		V7/biii	V			7		biii		Mm7	0	0	-2, 2, -1, -4		-2.0	-2.0
125	123	1/2	V7(b9)/biii			C	I		V7(b9)/biii	V			7	b9	biii		Mm7	0	0	-2, 2, -1, -4	-14	-2.0	-2.0
125	123	3/4	V7/biii			C	I		V7/biii	V			7		biii		Mm7	0	0	-2, 2, -1, -4		-2.0	-2.0
126	124	0	.biii			C	I											0	0				
126	124	1/2	.biii64			C	I											0	0				
128	126	0	V43/vii			C	I		V43/vii	V			43		vii		Mm7	0	0	7, 4, 6, 10		6.0	7.0
128	126	1/2	V65/vii			C	I		V65/vii	V			65		vii		Mm7	0	0	10, 7, 4, 6		6.0	10.0
129	127	0	V6/vii			C	I		V6/vii	V			6		vii		M	0	0	10, 7, 6		6.0	10.0
129	127	1/4	V65/vii			C	I		V65/vii	V			65		vii		Mm7	0	0	10, 7, 4, 6		6.0	10.0
130	128	0	vii6			C	I		vii6	vii			6				m	0	0	2, 6, 5		5.0	2.0
130	128	1/2	vii			C	I		vii	vii							m	0	0	5, 2, 6		5.0	5.0
132	130	0	V64			C	I		V64	V			64				M	0	0	2, 1, 5		1.0	2.0
132	130	1/2	V6			C	I		V6	V			6				M	0	0	5, 2, 1		1.0	5.0
133	131	1/4	V65			C	I		V65	V			65				Mm7	0	0	5, 2, -1, 1		1.0	5.0
133	131	1/2	V6			C	I		V6	V			6				M	0	0	5, 2, 1		1.0	5.0
134	132	0	i6			C	I		i6	i			6				m	0	0	-3, 1, 0		0.0	-3.0
134	132	1/2	i			C	I		i	i							m	0	0	0, -3, 1		0.0	0.0
136	134	0	.bII64			C	I											0	0				
136	134	1/2	.bII6			C	I											0	0				
137	135	0	viio43/V			C	I		viio43/V	vii		o	43		V		o7	0	0	0, -3, 6, 3		6.0	0.0
137	135	1/2	viio7/V			C	I		viio7/V	vii		o	7		V		o7	0	0	6, 3, 0, -3		6.0	6.0
138	136	0	V6			C	I		V6	V			6				M	0	0	5, 2, 1		1.0	5.0
138	136	1/2	V[V			C	I	V	V	V							M	0	0	1, 5, 2		1.0	1.0
138	136	3/4	V7			C	I	V	V7	V			7				Mm7	0	0	1, 5, 2, -1		1.0	1.0
139	137	1/4	V(b13)			C	I	V	V(b13)	V				b13			M	0	0	1, 5, 2	-3	1.0	1.0
139	137	1/2	V(b64)			C	I	V	V(b64)	V				b64			M	0	0	1, 0, -3		1.0	1.0
139	137	3/4	V65/V]			C	I	V	V65/V	V			65		V		Mm7	0	0	6, 3, 0, 2		2.0	6.0
140	138	0	V6			C	I		V6	V			6				M	0	0	5, 2, 1		1.0	5.0
140	138	1/2	V[V			C	I	V	V	V							M	0	0	1, 5, 2		1.0	1.0
140	138	3/4	V7			C	I	V	V7	V			7				Mm7	0	0	1, 5, 2, -1		1.0	1.0
141	139	1/4	V(b13)			C	I	V	V(b13)	V				b13			M	0	0	1, 5, 2	-3	1.0	1.0
141	139	1/2	V(b64)			C	I	V	V(b64)	V				b64			M	0	0	1, 0, -3		1.0	1.0
141	139	3/4	V65/V			C	I	V	V65/V	V			65		V		Mm7	0	0	6, 3, 0, 2		2.0	6.0
142	140	0	V]			C	I	V	V	V							M	0	0	1, 5, 2		1.0	1.0
142	140	1/4	i			C	I		i	i							m	0	0	0, -3, 1		0.0	0.0
142	140	1/2	V			C	I		V	V							M	0	0	1, 5, 2		1.0	1.0
142	140	3/4	iio6/V			C	I		iio6/V	ii		o	6		V		o	0	0	0, -3, 3		3.0	0.0
143	141	0	V			C	I		V	V							M	0	0	1, 5, 2		1.0	1.0
143	141	1/4	viio43/V			C	I		viio43/V	vii		o	43		V		o7	0	0	0, -3, 6, 3		6.0	0.0
143	141	1/2	V			C	I		V	V							M	0	0	1, 5, 2		1.0	1.0
143	141	3/4	viio43/V			C	I		viio43/V	vii		o	43		V		o7	0	0	0, -3, 6, 3		6.0	0.0
144	142	0	V\\			C	I		V	V						\\	M	0	0	1, 5, 2		1.0	1.0
154	152	0	V7			C	I		V7	V			7				Mm7	0	0	1, 5, 2, -1		1.0	1.0
158	156	0	I			C	I		I	I							M	0	0	0, 4, 1		0.0	0.0
159	157	3/4	V2/V			C	I		V2/V	V			2		V		Mm7	0	0	0, 2, 6, 3		2.0	0.0
160	158	0	V6			C	I		V6	V			6				M	0	0	5, 2, 1		1.0	5.0
162	160	0	IV/IV			C	I		IV/IV	IV					IV		M	0	0	-2, 2, -1		-2.0	-2.0
163	161	3/4	V2/IV			C	I		V2/IV	V			2		IV		Mm7	0	0	-2, 0, 4, 1		0.0	-2.0
164	162	0	IV6			C	I		IV6	IV			6				M	0	0	3, 0, -1		-1.0	3.0
165	163	0	iv6			C	I		iv6	iv			6				m	0	0	-4, 0, -1		-1.0	-4.0
166	164	0	V7			C	I		V7	V			7				Mm7	0	0	1, 5, 2, -1		1.0	1.0
166	164	3/4	iv6			C	I		iv6	iv			6				m	0	0	-4, 0, -1		-1.0	-4.0
167	165	0	V7			C	I		V7	V			7				Mm7	0	0	1, 5, 2, -1		1.0	1.0
167	165	1/4	iv6			C	I		iv6	iv			6				m	0	0	-4, 0, -1		-1.0	-4.0
167	165	1/2	V7			C	I		V7	V			7				Mm7	0	0	1, 5, 2, -1		1.0	1.0
167	165	3/4	iv6			C	I		iv6	iv			6				m	0	0	-4, 0, -1		-1.0	-4.0
168	166	0	V7			C	I		V7	V			7				Mm7	0	0	1, 5, 2, -1		1.0	1.0
169	167	0	i			C	I		i	i							m	0	0	0, -3, 1		0.0	0.0
170	168	0	V/bII\\			C	I		V/bII	V					bII	\\	M	0	0	-4, 0, -3		-4.0	-4.0
171	169	0	.bII			C	I											0	0				
172	170	0	V/bIII\\			C	I		V/bIII	V					bIII	\\	M	0	0	-2, 2, -1		-2.0	-2.0
173	171	0	.bIII			C	I											0	0				
173	171	1/4	.bIII64			C	I											0	0				
173	171	1/2	.bIII6			C	I											0	0				
173	171	3/4	.bIII			C	I											0	0				
174	172	0	viio6(2)/bIII			C	I		viio6(2)/bIII	vii		o	6	2	bIII		o	0	0	-1, -4, -3		2.0	-1.0
174	172	1/4	viio2			C	I		viio2	vii		o	2				o7	0	0	-4, 5, 2, -1		5.0	-4.0
174	172	1/2	viio65(6)/V			C	I		viio65(6)/V	vii		o	65	6	V		o7	0	0	3, 2, -3, 6		6.0	3.0
174	172	3/4	viio7/V			C	I		viio7/V	vii		o	7		V		o7	0	0	6, 3, 0, -3		6.0	6.0
175	173	0	V(4)			C	I		V(4)	V				4			M	0	0	1, 0, 2		1.0	1.0
175	173	1/4	V65(11)/V			C	I		V65(11)/V	V			65	11	V		Mm7	0	0	6, 3, 0, 2	1	2.0	6.0
175	173	1/2	V			C	I		V	V							M	0	0	1, 5, 2		1.0	1.0
175	173	3/4	V7			C	I		V7	V			7				Mm7	0	0	1, 5, 2, -1		1.0	1.0
176	174	0	I\\			C	I		I	I						\\	M	0	0	0, 4, 1		0.0	0.0
177	175	3/4	V2/V			C	I		V2/V	V			2		V		Mm7	0	0	0, 2, 6, 3		2.0	0.0
178	176	0	V6			C	I		V6	V			6				M	0	0	5, 2, 1		1.0	5.0
180	178	0	iv/vi			C	I		iv/vi	iv					vi		m	0	0	2, -1, 3		2.0	2.0
181	179	3/4	V2/vi			C	I		V2/vi	V			2		vi		Mm7	0	0	2, 4, 8, 5		4.0	2.0
182	180	0	vi6			C	I		vi6	vi			6				m	0	0	0, 4, 3		3.0	0.0
184	182	0	VI/vi			C	I		VI/vi	VI					vi		M	0	0	-1, 3, 0		-1.0	-1.0
184	182	1/2	iv6/VI			C	I		iv6/VI	iv			6		VI		m	0	0	-1, 3, 2		2.0	-1.0
185	183	0	.Ger6/vi			C	I											0	0				
185	183	1/2	VI/vi			C	I		VI/vi	VI					vi		M	0	0	-1, 3, 0		-1.0	-1.0
185	183	3/4	.Ger6/vi			C	I											0	0				
186	184	0	V/vi			C	I		V/vi	V					vi		M	0	0	4, 8, 5		4.0	4.0
186	184	1/2	V(64)/vi			C	I		V(64)/vi	V				64	vi		M	0	0	4, 3, 0		4.0	4.0
187	185	0	V7/vi			C	I		V7/vi	V			7		vi		Mm7	0	0	4, 8, 5, 2		4.0	4.0
187	185	1/2	V(64)/vi			C	I		V(64)/vi	V				64	vi		M	0	0	4, 3, 0		4.0	4.0
188	186	0	V/vi			C	I		V/vi	V					vi		M	0	0	4, 8, 5		4.0	4.0
188	186	1/2	V(64)/vi			C	I		V(64)/vi	V				64	vi		M	0	0	4, 3, 0		4.0	4.0
189	187	0	V7/vi			C	I		V7/vi	V			7		vi		Mm7	0	0	4, 8, 5, 2		4.0	4.0
189	187	1/2	V(64)/vi			C	I		V(64)/vi	V				64	vi		M	0	0	4, 3, 0		4.0	4.0
190	188	0	V/vi			C	I		V/vi	V					vi		M	0	0	4, 8, 5		4.0	4.0
190	188	1/4	vi			C	I		vi	vi							m	0	0	3, 0, 4		3.0	3.0
190	188	1/2	V/vi			C	I		V/vi	V					vi		M	0	0	4, 8, 5		4.0	4.0
190	188	3/4	vi			C	I		vi	vi							m	0	0	3, 0, 4		3.0	3.0
191	189	0	V/vi			C	I		V/vi	V					vi		M	0	0	4, 8, 5		4.0	4.0
191	189	1/4	V(64)/vi			C	I		V(64)/vi	V				64	vi		M	0	0	4, 3, 0		4.0	4.0
191	189	1/2	V/vi			C	I		V/vi	V					vi		M	0	0	4, 8, 5		4.0	4.0
191	189	3/4	V(64)/vi			C	I		V(64)/vi	V				64	vi		M	0	0	4, 3, 0		4.0	4.0
192	190	0	V/vi\\			C	I		V/vi	V					vi	\\	M	0	0	4, 8, 5		4.0	4.0
192	190	1/4	V64/vi			C	I		V64/vi	V			64		vi		M	0	0	5, 4, 8		4.0	5.0
192	190	1/2	V6/vi			C	I		V6/vi	V			6		vi		M	0	0	8, 5, 4		4.0	8.0
192	190	3/4	V/vi			C	I		V/vi	V					vi		M	0	0	4, 8, 5		4.0	4.0
193	191	0	V64/vi			C	I		V64/vi	V			64		vi		M	0	0	5, 4, 8		4.0	5.0
193	191	1/4	V6/vi			C	I		V6/vi	V			6		vi		M	0	0	8, 5, 4		4.0	8.0
193	191	1/2	V/vi			C	I		V/vi	V					vi		M	0	0	4, 8, 5		4.0	4.0
194	192	1/4	IV6/VI	vi/VI		C	I		IV6/VI	IV			6		VI		M	0	0	6, 3, 2		2.0	6.0
194	192	1/2	V6/VI			C	I		V6/VI	V			6		VI		M	0	0	8, 5, 4		4.0	8.0
194	192	3/4	IV6/VI	vi/VI		C	I		IV6/VI	IV			6		VI		M	0	0	6, 3, 2		2.0	6.0
195	193	0	V6/VI	viio/VI		C	I		V6/VI	V			6		VI		M	0	0	8, 5, 4		4.0	8.0
195	193	1/4	VI			C	I		VI	VI							M	0	0	3, 7, 4		3.0	3.0
195	193	1/2	viio6/VI	V64/VI		C	I		viio6/VI	vii		o	6		VI		o	0	0	5, 2, 8		8.0	5.0
195	193	3/4	VI			C	I		VI	VI							M	0	0	3, 7, 4		3.0	3.0
196	194	0	viio6/VI	ii/VI		C	I		viio6/VI	vii		o	6		VI		o	0	0	5, 2, 8		8.0	5.0
196	194	1/4	VI6			C	I		VI6	VI			6				M	0	0	7, 4, 3		3.0	7.0
196	194	1/2	viio6/VI	ii/VI		C	I		viio6/VI	vii		o	6		VI		o	0	0	5, 2, 8		8.0	5.0
196	194	3/4	VI6(11)			C	I		VI6(11)	VI			6	11			M	0	0	7, 4, 3	2	3.0	7.0
197	195	0	IV/VI			C	I		IV/VI	IV					VI		M	0	0	2, 6, 3		2.0	2.0
197	195	1/4	V7/VI			C	I		V7/VI	V			7		VI		Mm7	0	0	4, 8, 5, 2		4.0	4.0
197	195	1/2	IV6/VI			C	I		IV6/VI	IV			6		VI		M	0	0	6, 3, 2		2.0	6.0
197	195	3/4	viio/VI			C	I		viio/VI	vii		o			VI		o	0	0	8, 5, 2		8.0	8.0
198	196	0	VI			C	I		VI	VI							M	0	0	3, 7, 4		3.0	3.0
198	196	1/2	V/VI			C	I		V/VI	V					VI		M	0	0	4, 8, 5		4.0	4.0
198	196	3/4	vi/VI			C	I		vi/VI	vi					VI		m	0	0	6, 3, 7		6.0	6.0
199	197	0	V7/#iv			C	I		V7/#iv	V			7		#iv		Mm7	0	0	7, 11, 8, 5		7.0	7.0
199	197	1/2	IV/VI			C	I		IV/VI	IV					VI		M	0	0	2, 6, 3		2.0	2.0
200	198	0	V43/VI			C	I		V43/VI	V			43		VI		Mm7	0	0	5, 2, 4, 8		4.0	5.0
200	198	1/2	VI6			C	I		VI6	VI			6				M	0	0	7, 4, 3		3.0	7.0
200	198	3/4	ii65/VI			C	I		ii65/VI	ii			65		VI		mm7	0	0	2, 6, 3, 5		5.0	2.0
201	199	0	V(64)/VI			C	I		V(64)/VI	V				64	VI		M	0	0	4, 3, 7		4.0	4.0
201	199	1/2	V/VI			C	I		V/VI	V					VI		M	0	0	4, 8, 5		4.0	4.0
201	199	3/4	V7/VI			C	I		V7/VI	V			7		VI		Mm7	0	0	4, 8, 5, 2		4.0	4.0
202	200	0	vi			C	I		vi	vi							m	0	0	3, 0, 4		3.0	3.0
202	200	1/2	iii			C	I		iii	iii							m	0	0	4, 1, 5		4.0	4.0
202	200	3/4	IV			C	I		IV	IV							M	0	0	-1, 3, 0		-1.0	-1.0
203	201	0	I			C	I		I	I							M	0	0	0, 4, 1		0.0	0.0
203	201	1/2	ii			C	I		ii	ii							m	0	0	2, -1, 3		2.0	2.0
204	202	0	V(64)			C	I		V(64)	V				64			M	0	0	1, 0, 4		1.0	1.0
204	202	1/4	V7			C	I		V7	V			7				Mm7	0	0	1, 5, 2, -1		1.0	1.0
204	202	1/2	V7(9)			C	I		V7(9)	V			7	9			Mm7	0	0	1, 5, 2, -1	3	1.0	1.0
204	202	3/4	V7			C	I		V7	V			7				Mm7	0	0	1, 5, 2, -1		1.0	1.0
205	203	0	I\\			C	I		I	I						\\	M	0	0	0, 4, 1		0.0	0.0
206	204	1/2	#viio7/vi			C	I		#viio7/vi	#vii		o	7		vi		o7	0	0	8, 5, 2, -1		8.0	8.0
206	204	3/4	vi			C	I		vi	vi							m	0	0	3, 0, 4		3.0	3.0
207	205	0	V7/vi			C	I		V7/vi	V			7		vi		Mm7	0	0	4, 8, 5, 2		4.0	4.0
207	205	1/2	IV			C	I		IV	IV							M	0	0	-1, 3, 0		-1.0	-1.0
208	206	0	V43			C	I		V43	V			43				Mm7	0	0	2, -1, 1, 5		1.0	2.0
208	206	1/2	I6			C	I		I6	I			6				M	0	0	4, 1, 0		0.0	4.0
208	206	3/4	ii65			C	I		ii65	ii			65				mm7	0	0	-1, 3, 0, 2		2.0	-1.0
209	207	0	V(64)			C	I		V(64)	V				64			M	0	0	1, 0, 4		1.0	1.0
209	207	1/2	V			C	I		V	V							M	0	0	1, 5, 2		1.0	1.0
209	207	3/4	V7(9)			C	I		V7(9)	V			7	9			Mm7	0	0	1, 5, 2, -1	3	1.0	1.0
209	207	5/6	vi7			C	I		vi7	vi			7				mm7	0	0	3, 0, 4, 1		3.0	3.0
209	207	11/12	viio			C	I		viio	vii		o					o	0	0	5, 2, -1		5.0	5.0
210	208	0	I			C	I		I	I							M	0	0	0, 4, 1		0.0	0.0
210	208	1/2	#viio7/vi			C	I		#viio7/vi	#vii		o	7		vi		o7	0	0	8, 5, 2, -1		8.0	8.0
210	208	3/4	vi			C	I		vi	vi							m	0	0	3, 0, 4		3.0	3.0
211	209	0	V7/vi			C	I		V7/vi	V			7		vi		Mm7	0	0	4, 8, 5, 2		4.0	4.0
211	209	1/2	IV			C	I		IV	IV							M	0	0	-1, 3, 0		-1.0	-1.0
212	210	0	V(64)			C	I		V(64)	V				64			M	0	0	1, 0, 4		1.0	1.0
212	210	1/4	V7			C	I		V7	V			7				Mm7	0	0	1, 5, 2, -1		1.0	1.0
212	210	1/2	V7(9)			C	I		V7(9)	V			7	9			Mm7	0	0	1, 5, 2, -1	3	1.0	1.0
212	210	3/4	V7			C	I		V7	V			7				Mm7	0	0	1, 5, 2, -1		1.0	1.0
213	211	0	I\\			C	I		I	I						\\	M	0	0	0, 4, 1		0.0	0.0
213	211	1/4	V(64)			C	I		V(64)	V				64			M	0	0	1, 0, 4		1.0	1.0
213	211	1/2	V			C	I		V	V							M	0	0	1, 5, 2		1.0	1.0
213	211	3/4	V7			C	I		V7	V			7				Mm7	0	0	1, 5, 2, -1		1.0	1.0
214	212	0	V(64)			C	I		V(64)	V				64			M	0	0	1, 0, 4		1.0	1.0
214	212	1/2	V7			C	I		V7	V			7				Mm7	0	0	1, 5, 2, -1		1.0	1.0
215	213	0	I6			C	I		I6	I			6				M	0	0	4, 1, 0		0.0	4.0
215	213	1/4	V(64)			C	I		V(64)	V				64			M	0	0	1, 0, 4		1.0	1.0
215	213	1/2	V			C	I		V	V							M	0	0	1, 5, 2		1.0	1.0
215	213	3/4	V65			C	I		V65	V			65				Mm7	0	0	5, 2, -1, 1		1.0	5.0
216	214	0	V(64)			C	I		V(64)	V				64			M	0	0	1, 0, 4		1.0	1.0
216	214	1/4	I			C	I		I	I							M	0	0	0, 4, 1		0.0	0.0
216	214	1/2	V65			C	I		V65	V			65				Mm7	0	0	5, 2, -1, 1		1.0	5.0
216	214	3/4	V43			C	I		V43	V			43				Mm7	0	0	2, -1, 1, 5		1.0	2.0
217	215	0	I6			C	I		I6	I			6				M	0	0	4, 1, 0		0.0	4.0
217	215	1/4	I			C	I		I	I							M	0	0	0, 4, 1		0.0	0.0
217	215	1/2	V65			C	I		V65	V			65				Mm7	0	0	5, 2, -1, 1		1.0	5.0
217	215	3/4	V7			C	I		V7	V			7				Mm7	0	0	1, 5, 2, -1		1.0	1.0
218	216	0	I			C	I		I	I							M	0	0	0, 4, 1		0.0	0.0
218	216	1/4	V(64)			C	I		V(64)	V				64			M	0	0	1, 0, 4		1.0	1.0
218	216	1/2	V43			C	I		V43	V			43				Mm7	0	0	2, -1, 1, 5		1.0	2.0
218	216	3/4	V2			C	I		V2	V			2				Mm7	0	0	-1, 1, 5, 2		1.0	-1.0
219	217	0	I6			C	I		I6	I			6				M	0	0	4, 1, 0		0.0	4.0
219	217	1/4	I			C	I		I	I							M	0	0	0, 4, 1		0.0	0.0
219	217	1/2	V43			C	I		V43	V			43				Mm7	0	0	2, -1, 1, 5		1.0	2.0
219	217	3/4	V2			C	I		V2	V			2				Mm7	0	0	-1, 1, 5, 2		1.0	-1.0
220	218	0	I6			C	I		I6	I			6				M	0	0	4, 1, 0		0.0	4.0
220	218	1/4	I			C	I		I	I							M	0	0	0, 4, 1		0.0	0.0
220	218	1/2	V43			C	I		V43	V			43				Mm7	0	0	2, -1, 1, 5		1.0	2.0
220	218	3/4	V2			C	I		V2	V			2				Mm7	0	0	-1, 1, 5, 2		1.0	-1.0
221	219	0	I			C	I		I	I							M	0	0	0, 4, 1		0.0	0.0
221	219	1/4	V43			C	I		V43	V			43				Mm7	0	0	2, -1, 1, 5		1.0	2.0
221	219	1/2	I			C	I		I	I							M	0	0	0, 4, 1		0.0	0.0
221	219	3/4	V43			C	I		V43	V			43				Mm7	0	0	2, -1, 1, 5		1.0	2.0
222	220	0	I6			C	I		I6	I			6				M	0	0	4, 1, 0		0.0	4.0
222	220	1/8	V2			C	I		V2	V			2				Mm7	0	0	-1, 1, 5, 2		1.0	-1.0
222	220	1/4	I6			C	I		I6	I			6				M	0	0	4, 1, 0		0.0	4.0
222	220	3/8	V2			C	I		V2	V			2				Mm7	0	0	-1, 1, 5, 2		1.0	-1.0
222	220	1/2	I6			C	I		I6	I			6				M	0	0	4, 1, 0		0.0	4.0
222	220	5/8	V2			C	I		V2	V			2				Mm7	0	0	-1, 1, 5, 2		1.0	-1.0
222	220	3/4	I6			C	I		I6	I			6				M	0	0	4, 1, 0		0.0	4.0
222	220	7/8	V2			C	I		V2	V			2				Mm7	0	0	-1, 1, 5, 2		1.0	-1.0
223	221	0	I6\\			C	I		I6	I			6			\\	M	0	0	4, 1, 0		0.0	4.0
223	221	1/8	V65/IV			C	I		V65/IV	V			65		IV		Mm7	0	0	4, 1, -2, 0		0.0	4.0
225	223	0	IV			C	I		IV	IV							M	0	0	-1, 3, 0		-1.0	-1.0
227	225	0	V65/V			C	I		V65/V	V			65		V		Mm7	0	0	6, 3, 0, 2		2.0	6.0
229	227	0	V(64)			C	I		V(64)	V				64			M	0	0	1, 0, 4		1.0	1.0
230	228	1/2	I6			C	I		I6	I			6				M	0	0	4, 1, 0		0.0	4.0
230	228	3/4	I			C	I		I	I							M	0	0	0, 4, 1		0.0	0.0
230	228	7/8	V(64)			C	I		V(64)	V				64			M	0	0	1, 0, 4		1.0	1.0
231	229	0	I6			C	I		I6	I			6				M	0	0	4, 1, 0		0.0	4.0
231	229	1/4	V(64)			C	I		V(64)	V				64			M	0	0	1, 0, 4		1.0	1.0
231	229	1/2	I			C	I		I	I							M	0	0	0, 4, 1		0.0	0.0
231	229	3/4	I6			C	I		I6	I			6				M	0	0	4, 1, 0		0.0	4.0
232	230	0	V(64)			C	I		V(64)	V				64			M	0	0	1, 0, 4		1.0	1.0
232	230	1/4	I			C	I		I	I							M	0	0	0, 4, 1		0.0	0.0
232	230	1/2	I6			C	I		I6	I			6				M	0	0	4, 1, 0		0.0	4.0
232	230	3/4	V(64)			C	I		V(64)	V				64			M	0	0	1, 0, 4		1.0	1.0
233	231	0	V7			C	I		V7	V			7				Mm7	0	0	1, 5, 2, -1		1.0	1.0
235	233	0	V65			C	I		V65	V			65				Mm7	0	0	5, 2, -1, 1		1.0	5.0
237	235	0	I\\			C	I		I	I						\\	M	0	0	0, 4, 1		0.0	0.0
237	235	1/2	V7/iv			C	I		V7/iv	V			7		iv		Mm7	0	0	0, 4, 1, -2		0.0	0.0
238	236	0	V(64)/iv			C	I		V(64)/iv	V				64	iv		M	0	0	0, -1, -4		0.0	0.0
238	236	1/2	V7/iv			C	I		V7/iv	V			7		iv		Mm7	0	0	0, 4, 1, -2		0.0	0.0
239	237	0	iv			C	I		iv	iv							m	0	0	-1, -4, 0		-1.0	-1.0
239	237	1/2	.bII6			C	I											0	0				
240	238	0	V(b64)			C	I		V(b64)	V				b64			M	0	0	1, 0, -3		1.0	1.0
240	238	1/2	V7			C	I		V7	V			7				Mm7	0	0	1, 5, 2, -1		1.0	1.0
241	239	0	I	i		C	I		I	I							M	0	0	0, 4, 1		0.0	0.0
241	239	1/2	V7/IV			C	I		V7/IV	V			7		IV		Mm7	0	0	0, 4, 1, -2		0.0	0.0
242	240	0	V(64)/IV			C	I		V(64)/IV	V				64	IV		M	0	0	0, -1, 3		0.0	0.0
242	240	1/2	V7/IV			C	I		V7/IV	V			7		IV		Mm7	0	0	0, 4, 1, -2		0.0	0.0
243	241	0	IV			C	I		IV	IV							M	0	0	-1, 3, 0		-1.0	-1.0
243	241	1/2	ii6			C	I		ii6	ii			6				m	0	0	-1, 3, 2		2.0	-1.0
244	242	0	V(64)			C	I		V(64)	V				64			M	0	0	1, 0, 4		1.0	1.0
244	242	1/2	V7			C	I		V7	V			7				Mm7	0	0	1, 5, 2, -1		1.0	1.0
245	243	0	I\\			C	I		I	I						\\	M	0	0	0, 4, 1		0.0	0.0
245	243	1/4	I6			C	I		I6	I			6				M	0	0	4, 1, 0		0.0	4.0
245	243	1/2	IV			C	I		IV	IV							M	0	0	-1, 3, 0		-1.0	-1.0
245	243	3/4	ii6			C	I		ii6	ii			6				m	0	0	-1, 3, 2		2.0	-1.0
246	244	0	V(64)			C	I		V(64)	V				64			M	0	0	1, 0, 4		1.0	1.0
246	244	1/2	V7			C	I		V7	V			7				Mm7	0	0	1, 5, 2, -1		1.0	1.0
247	245	0	I\\			C	I		I	I						\\	M	0	0	0, 4, 1		0.0	0.0
247	245	1/4	IV6			C	I		IV6	IV			6				M	0	0	3, 0, -1		-1.0	3.0
247	245	1/2	IV/IV			C	I		IV/IV	IV					IV		M	0	0	-2, 2, -1		-2.0	-2.0
247	245	3/4	ii6/IV			C	I		ii6/IV	ii			6		IV		m	0	0	-2, 2, 1		1.0	-2.0
248	246	0	V(64)/IV			C	I		V(64)/IV	V				64	IV		M	0	0	0, -1, 3		0.0	0.0
248	246	1/2	V7/iv			C	I		V7/iv	V			7		iv		Mm7	0	0	0, 4, 1, -2		0.0	0.0
249	247	0	iv\\			C	I		iv	iv						\\	m	0	0	-1, -4, 0		-1.0	-1.0
249	247	1/4	iv6			C	I		iv6	iv			6				m	0	0	-4, 0, -1		-1.0	-4.0
249	247	1/2	iv/iv			C	I		iv/iv	iv					iv		m	0	0	-2, -5, -1		-2.0	-2.0
249	247	3/4	iio6/iv			C	I		iio6/iv	ii		o	6		iv		o	0	0	-2, -5, 1		1.0	-2.0
250	248	0	V(64)/iv			C	I		V(64)/iv	V				64	iv		M	0	0	0, -1, -4		0.0	0.0
250	248	1/2	V7/iv			C	I		V7/iv	V			7		iv		Mm7	0	0	0, 4, 1, -2		0.0	0.0
251	249	0	.bII\\			C	I											0	0				
252	250	3/4	V2/bVI			C	I		V2/bVI	V			2		bVI		Mm7	0	0	-5, -3, 1, -2		-3.0	-5.0
253	251	0	.bVI6			C	I											0	0				
254	252	0	V43/bvii			C	I		V43/bvii	V			43		bvii		Mm7	0	0	0, -3, -1, 3		-1.0	0.0
255	253	0	.bvii6			C	I											0	0				
256	254	0	viio6			C	I		viio6	vii		o	6				o	0	0	2, -1, 5		5.0	2.0
257	255	0	i6(#7)			C	I		i6(#7)	i			6	#7			m	0	0	-3, 1, 12		0.0	-3.0
257	255	1/4	i6			C	I		i6	i			6				m	0	0	-3, 1, 0		0.0	-3.0
257	255	1/2	iv			C	I		iv	iv							m	0	0	-1, -4, 0		-1.0	-1.0
257	255	3/4	iio6			C	I		iio6	ii		o	6				o	0	0	-1, -4, 2		2.0	-1.0
258	256	0	#vii%65/iv			C	I		#vii%65/iv	#vii		%	65		iv		%7	0	0	3, 10, 2, 4		4.0	3.0
258	256	1/4	#viio6/iv			C	I		#viio6/iv	#vii		o	6		iv		o	0	0	1, -2, 4		4.0	1.0
258	256	1/2	iv6(#7)			C	I		iv6(#7)	iv			6	#7			m	0	0	-4, 0, 11		-1.0	-4.0
258	256	3/4	iv6			C	I		iv6	iv			6				m	0	0	-4, 0, -1		-1.0	-4.0
259	257	0	viio65/V			C	I		viio65/V	vii		o	65		V		o7	0	0	3, 0, -3, 6		6.0	3.0
259	257	1/4	viio6/V			C	I		viio6/V	vii		o	6		V		o	0	0	3, 0, 6		6.0	3.0
259	257	1/2	viio65/V			C	I		viio65/V	vii		o	65		V		o7	0	0	3, 0, -3, 6		6.0	3.0
259	257	3/4	viio6/V			C	I		viio6/V	vii		o	6		V		o	0	0	3, 0, 6		6.0	3.0
260	258	0	.Ger6			C	I											0	0				
260	258	1/4	.It6			C	I											0	0				
260	258	1/2	.bVI			C	I											0	0				
260	258	3/4	.Ger6			C	I											0	0				
261	259	0	V\\			C	I		V	V						\\	M	0	0	1, 5, 2		1.0	1.0
262	260	0	#viio43/ii			C	I		#viio43/ii	#vii		o	43		ii		o7	0	0	1, -2, 7, 4		7.0	1.0
263	261	0	V6			C	I		V6	V			6				M	0	0	5, 2, 1		1.0	5.0
264	262	3/4	V65/ii			C	I		V65/ii	V			65		ii		Mm7	0	0	7, 4, 1, 3		3.0	7.0
265	263	0	ii			C	I		ii	ii							m	0	0	2, -1, 3		2.0	2.0
266	264	0	ii64			C	I		ii64	ii			64				m	0	0	3, 2, -1		2.0	3.0
266	264	1/2	ii			C	I		ii	ii							m	0	0	2, -1, 3		2.0	2.0
267	265	0	IV6			C	I		IV6	IV			6				M	0	0	3, 0, -1		-1.0	3.0
268	266	3/4	V65			C	I		V65	V			65				Mm7	0	0	5, 2, -1, 1		1.0	5.0
269	267	0	I			C	I		I	I							M	0	0	0, 4, 1		0.0	0.0
270	268	0	vi6			C	I		vi6	vi			6				m	0	0	0, 4, 3		3.0	0.0
270	268	1/2	vi			C	I		vi	vi							m	0	0	3, 0, 4		3.0	3.0
271	269	0	viio6			C	I		viio6	vii		o	6				o	0	0	2, -1, 5		5.0	2.0
272	270	1/2	viio			C	I		viio	vii		o					o	0	0	5, 2, -1		5.0	5.0
273	271	0	I6			C	I		I6	I			6				M	0	0	4, 1, 0		0.0	4.0
273	271	1/2	#viio/ii			C	I		#viio/ii	#vii		o			ii		o	0	0	7, 4, 1		7.0	7.0
274	272	0	ii6			C	I		ii6	ii			6				m	0	0	-1, 3, 2		2.0	-1.0
274	272	1/2	iii6			C	I		iii6	iii			6				m	0	0	1, 5, 4		4.0	1.0
275	273	0	IV6			C	I		IV6	IV			6				M	0	0	3, 0, -1		-1.0	3.0
275	273	1/2	V6			C	I		V6	V			6				M	0	0	5, 2, 1		1.0	5.0
276	274	0	vi6			C	I		vi6	vi			6				m	0	0	0, 4, 3		3.0	0.0
276	274	1/2	viio6			C	I		viio6	vii		o	6				o	0	0	2, -1, 5		5.0	2.0
277	275	0	I6			C	I		I6	I			6				M	0	0	4, 1, 0		0.0	4.0
277	275	1/2	V+6/IV			C	I		V+6/IV	V		+	6		IV		+	0	0	4, 8, 0		0.0	4.0
278	276	0	IV			C	I		IV	IV							M	0	0	-1, 3, 0		-1.0	-1.0
280	278	0	V(64)			C	I		V(64)	V				64			M	0	0	1, 0, 4		1.0	1.0
284	282	0	V7\\			C	I		V7	V			7			\\	Mm7	0	0	1, 5, 2, -1		1.0	1.0
286	284	0	I			C	I		I	I							M	0	0	0, 4, 1		0.0	0.0
286	284	1/2	#viio7/vi			C	I		#viio7/vi	#vii		o	7		vi		o7	0	0	8, 5, 2, -1		8.0	8.0
286	284	3/4	vi			C	I		vi	vi							m	0	0	3, 0, 4		3.0	3.0
287	285	0	V7/vi			C	I		V7/vi	V			7		vi		Mm7	0	0	4, 8, 5, 2		4.0	4.0
287	285	1/2	IV			C	I		IV	IV							M	0	0	-1, 3, 0		-1.0	-1.0
288	286	0	V43			C	I		V43	V			43				Mm7	0	0	2, -1, 1, 5		1.0	2.0
288	286	1/2	I6			C	I		I6	I			6				M	0	0	4, 1, 0		0.0	4.0
288	286	3/4	ii65			C	I		ii65	ii			65				mm7	0	0	-1, 3, 0, 2		2.0	-1.0
289	287	0	V(64)			C	I		V(64)	V				64			M	0	0	1, 0, 4		1.0	1.0
289	287	1/2	V			C	I		V	V							M	0	0	1, 5, 2		1.0	1.0
289	287	3/4	V7			C	I		V7	V			7				Mm7	0	0	1, 5, 2, -1		1.0	1.0
290	288	0	I			C	I		I	I							M	0	0	0, 4, 1		0.0	0.0
290	288	1/2	#viio7/vi			C	I		#viio7/vi	#vii		o	7		vi		o7	0	0	8, 5, 2, -1		8.0	8.0
290	288	3/4	vi			C	I		vi	vi							m	0	0	3, 0, 4		3.0	3.0
291	289	0	V7/vi			C	I		V7/vi	V			7		vi		Mm7	0	0	4, 8, 5, 2		4.0	4.0
291	289	1/2	IV			C	I		IV	IV							M	0	0	-1, 3, 0		-1.0	-1.0
292	290	0	V(64)			C	I		V(64)	V				64			M	0	0	1, 0, 4		1.0	1.0
292	290	1/4	V7			C	I		V7	V			7				Mm7	0	0	1, 5, 2, -1		1.0	1.0
292	290	1/2	V7(9)			C	I		V7(9)	V			7	9			Mm7	0	0	1, 5, 2, -1	3	1.0	1.0
292	290	3/4	V7\\			C	I		V7	V			7			\\	Mm7	0	0	1, 5, 2, -1		1.0	1.0
293	291	0	V(64)			C	I		V(64)	V				64			M	0	0	1, 0, 4		1.0	1.0
293	291	1/4	V7			C	I		V7	V			7				Mm7	0	0	1, 5, 2, -1		1.0	1.0
294	292	0	V7(b9)			C	I		V7(b9)	V			7	b9			Mm7	0	0	1, 5, 2, -1	-4	1.0	1.0
294	292	1/2	V7\\			C	I		V7	V			7			\\	Mm7	0	0	1, 5, 2, -1		1.0	1.0
295	293	0	V(64)			C	I		V(64)	V				64			M	0	0	1, 0, 4		1.0	1.0
295	293	1/4	V7			C	I		V7	V			7				Mm7	0	0	1, 5, 2, -1		1.0	1.0
296	294	0	V7(9)			C	I		V7(9)	V			7	9			Mm7	0	0	1, 5, 2, -1	3	1.0	1.0
296	294	1/2	V7\\			C	I		V7	V			7			\\	Mm7	0	0	1, 5, 2, -1		1.0	1.0
297	295	0	I			C	I		I	I							M	0	0	0, 4, 1		0.0	0.0
298	296	3/4	V2/V			C	I		V2/V	V			2		V		Mm7	0	0	0, 2, 6, 3		2.0	0.0
299	297	0	V6			C	I		V6	V			6				M	0	0	5, 2, 1		1.0	5.0
299	297	1/2	V2/IV			C	I		V2/IV	V			2		IV		Mm7	0	0	-2, 0, 4, 1		0.0	-2.0
300	298	0	IV6			C	I		IV6	IV			6				M	0	0	3, 0, -1		-1.0	3.0
300	298	1/2	iv			C	I		iv	iv							m	0	0	-1, -4, 0		-1.0	-1.0
301	299	0	V7			C	I		V7	V			7				Mm7	0	0	1, 5, 2, -1		1.0	1.0
302	300	0	ii6			C	I		ii6	ii			6				m	0	0	-1, 3, 2		2.0	-1.0
302	300	1/4	V			C	I		V	V							M	0	0	1, 5, 2		1.0	1.0
303	301	0	I			C	I		I	I							M	0	0	0, 4, 1		0.0	0.0
303	301	1/2	V			C	I		V	V							M	0	0	1, 5, 2		1.0	1.0
304	302	0	I\\			C	I		I	I						\\	M	0	0	0, 4, 1		0.0	0.0
