mc	mn	quarterbeats	quarterbeats_all_endings	duration_qb	mc_onset	mn_onset	timesig	staff	voice	label	alt_label	globalkey	localkey	pedal	chord	numeral	form	figbass	changes	relativeroot	cadence	phraseend	chord_type	globalkey_is_minor	localkey_is_minor	chord_tones	added_tones	root	bass_note
1	1	0	0	1.0	0	0	4/4	2	1	Ab.ii[ii{		Ab	I	ii	ii	ii						{	m	0	0	2, -1, 3		2	2
1	1	1	1	0.5	1/4	1/4	4/4	2	1	ii6/ii		Ab	I	ii	ii6/ii	ii		6		ii			m	0	0	1, 5, 4		4	1
1	1	3/2	3/2	0.5	3/8	3/8	4/4	2	1	#viio65/ii		Ab	I	ii	#viio65/ii	#vii	o	65		ii			o7	0	0	4, 1, -2, 7		7	4
1	1	2	2	0.5	1/2	1/2	4/4	2	1	ii		Ab	I	ii	ii	ii							m	0	0	2, -1, 3		2	2
1	1	5/2	5/2	0.5	5/8	5/8	4/4	2	1	V/v		Ab	I	ii	V/v	V				v			M	0	0	2, 6, 3		2	2
1	1	3	3	0.5	3/4	3/4	4/4	2	1	v(4)		Ab	I	ii	v(4)	v			4				m	0	0	1, 0, 2		1	1
1	1	7/2	7/2	0.5	7/8	7/8	4/4	2	1	v]		Ab	I	ii	v	v							m	0	0	1, -2, 2		1	1
2	2	4	4	1.0	0	0	4/4	2	1	bIII		Ab	I		bIII	bIII							M	0	0	-3, 1, -2		-3	-3
2	2	5	5	1.0	1/4	1/4	4/4	2	1	IV/bIII		Ab	I		IV/bIII	IV				bIII			M	0	0	-4, 0, -3		-4	-4
2	2	6	6	1.0	1/2	1/2	4/4	2	1	V(4)/bIII		Ab	I		V(4)/bIII	V			4	bIII			M	0	0	-2, -3, -1		-2	-2
2	2	7	7	1.0	3/4	3/4	4/4	2	1	V7/bIII		Ab	I		V7/bIII	V		7		bIII			Mm7	0	0	-2, 2, -1, -4		-2	-2
3	3	8	8	0.5	0	0	4/4	2	1	V65		Ab	I		V65	V		65					Mm7	0	0	5, 2, -1, 1		1	5
3	3	17/2	17/2	0.5	1/8	1/8	4/4	2	1	i		Ab	I		i	i							m	0	0	0, -3, 1		0	0
3	3	9	9	1.0	1/4	1/4	4/4	2	1	ii%65		Ab	I		ii%65	ii	%	65					%7	0	0	-1, -4, 0, 2		2	-1
3	3	10	10	1.0	1/2	1/2	4/4	2	1	V(4)		Ab	I		V(4)	V			4				M	0	0	1, 0, 2		1	1
3	3	11	11	1.0	3/4	3/4	4/4	2	1	V		Ab	I		V	V							M	0	0	1, 5, 2		1	1
4	4	12	12	5.0	0	0	4/4	2	1	V7		Ab	I		V7	V		7					Mm7	0	0	1, 5, 2, -1		1	1
4	4	17	17	0.25	5/4	5/4	4/4	2	1	i(11)|IAC		Ab	I		i(11)	i			11		IAC		m	0	0	0, -3, 1	-1	0	0
4	4	69/4	69/4	0.25	21/16	21/16	4/4	2	1	i}		Ab	I		i	i						}	m	0	0	0, -3, 1		0	0
4	4	35/2	35/2	0.5	11/8	11/8	4/4	2	1	bVI{		Ab	I		bVI	bVI						{	M	0	0	-4, 0, -3		-4	-4
4	4	18	18	0.5	3/2	3/2	4/4	2	1	IV6/bVI		Ab	I		IV6/bVI	IV		6		bVI			M	0	0	-1, -4, -5		-5	-1
4	4	37/2	37/2	0.5	13/8	13/8	4/4	2	1	V7/bVI		Ab	I		V7/bVI	V		7		bVI			Mm7	0	0	-3, 1, -2, -5		-3	-3
5	5	19	19	8.0	0	0	4/4	2	1	V7/bVI		Ab	I		V7/bVI	V		7		bVI			Mm7	0	0	-3, 1, -2, -5		-3	-3
6	6	27	27	1.0	0	0	4/4	2	1	bVI		Ab	I		bVI	bVI							M	0	0	-4, 0, -3		-4	-4
6	6	28	28	1.0	1/4	1/4	4/4	2	1	viio43		Ab	I		viio43	vii	o	43					o7	0	0	-1, -4, 5, 2		5	-1
7	6	29	29	2.0	0	0	4/4	2	1	viio7/V		Ab	I		viio7/V	vii	o	7		V			o7	0	0	6, 3, 0, -3		6	6
7	6	31	31	1.0	1/2	1/2	4/4	2	1	viio		Ab	I		viio	vii	o						o	0	0	5, 2, -1		5	5
8	6	32	32	0.5	0	3/4	4/4	2	1	i		Ab	I		i	i							m	0	0	0, -3, 1		0	0
8	6	65/2	65/2	2.0	1/8	7/8	4/4	2	1	V|HC}		Ab	I		V	V					HC	}	M	0	0	1, 5, 2		1	1
9	7	33	33	0.0	0	0	12/16	2	1	{		Ab	I									{		0	0				
10	8	69/2	69/2	1.5	0	0	12/16	2	1	i6		Ab	I		i6	i		6					m	0	0	-3, 1, 0		0	-3
10	8	36	36	2.75	3/8	3/8	12/16	2	1	i		Ab	I		i	i							m	0	0	0, -3, 1		0	0
11	9	155/4	155/4	0.75	5/16	5/16	12/16	2	1	i(11)		Ab	I		i(11)	i			11				m	0	0	0, -3, 1	-1	0	0
11	9	79/2	79/2	1.0	1/2	1/2	12/16	2	1	i		Ab	I		i	i							m	0	0	0, -3, 1		0	0
12	10	81/2	81/2	0.75	0	0	12/16	2	1	V43(4)		Ab	I		V43(4)	V		43	4				Mm7	0	0	2, -1, 1, 0		1	2
12	10	165/4	165/4	1.25	3/16	3/16	12/16	2	1	V43		Ab	I		V43	V		43					Mm7	0	0	2, -1, 1, 5		1	2
12	10	85/2	85/2	0.75	1/2	1/2	12/16	2	1	V43(9)		Ab	I		V43(9)	V		43	9				Mm7	0	0	2, -1, 1, 5	3	1	2
12	10	173/4	173/4	0.25	11/16	11/16	12/16	2	1	V43		Ab	I		V43	V		43					Mm7	0	0	2, -1, 1, 5		1	2
13	11	87/2	87/2	0.5	0	0	12/16	2	1	i6		Ab	I		i6	i		6					m	0	0	-3, 1, 0		0	-3
13	11	44	44	0.25	1/8	1/8	12/16	2	1	i		Ab	I		i	i							m	0	0	0, -3, 1		0	0
13	11	177/4	177/4	0.5	3/16	3/16	12/16	2	1	V6/iv		Ab	I		V6/iv	V		6		iv			M	0	0	4, 1, 0		0	4
13	11	179/4	179/4	0.25	5/16	5/16	12/16	2	1	V65/iv		Ab	I		V65/iv	V		65		iv			Mm7	0	0	4, 1, -2, 0		0	4
13	11	45	45	0.5	3/8	3/8	12/16	2	1	iv(11)		Ab	I		iv(11)	iv			11				m	0	0	-1, -4, 0	5	-1	-1
13	11	91/2	91/2	0.25	1/2	1/2	12/16	2	1	iv		Ab	I		iv	iv							m	0	0	-1, -4, 0		-1	-1
13	11	183/4	183/4	0.5	9/16	9/16	12/16	2	1	iv6(9)		Ab	I		iv6(9)	iv		6	9				m	0	0	-4, 0, -1	1	-1	-4
13	11	185/4	185/4	0.25	11/16	11/16	12/16	2	1	iv6		Ab	I		iv6	iv		6					m	0	0	-4, 0, -1		-1	-4
14	12	93/2	93/2	1.5	0	0	12/16	2	1	V(64)		Ab	I		V(64)	V			64				M	0	0	1, 0, 4		1	1
14	12	48	48	0.75	3/8	3/8	12/16	2	1	V		Ab	I		V	V							M	0	0	1, 5, 2		1	1
14	12	195/4	195/4	0.25	9/16	9/16	12/16	2	1	V2		Ab	I		V2	V		2					Mm7	0	0	-1, 1, 5, 2		1	-1
14	12	49	49	0.25	5/8	5/8	12/16	2	1	i6		Ab	I		i6	i		6					m	0	0	-3, 1, 0		0	-3
14	12	197/4	197/4	0.25	11/16	11/16	12/16	2	1	V43		Ab	I		V43	V		43					Mm7	0	0	2, -1, 1, 5		1	2
15	13	99/2	99/2	1.5	0	0	12/16	2	1	i|IAC}{		Ab	I		i	i					IAC	}{	m	0	0	0, -3, 1		0	0
15	13	51	51	0.75	3/8	3/8	12/16	2	1	bIII.V7(4)		Ab	bIII		V7(4)	V		7	4				Mm7	0	0	1, 0, 2, -1		1	1
15	13	207/4	207/4	0.75	9/16	9/16	12/16	2	1	V7		Ab	bIII		V7	V		7					Mm7	0	0	1, 5, 2, -1		1	1
16	14	105/2	105/2	0.75	0	0	12/16	2	1	I64		Ab	bIII		I64	I		64					M	0	0	1, 0, 4		0	1
16	14	213/4	213/4	0.75	3/16	3/16	12/16	2	1	I		Ab	bIII		I	I							M	0	0	0, 4, 1		0	0
16	14	54	54	0.75	3/8	3/8	12/16	2	1	viio6(2)		Ab	bIII		viio6(2)	vii	o	6	2				o	0	0	2, -1, 0		5	2
16	14	219/4	219/4	0.75	9/16	9/16	12/16	2	1	vii%65		Ab	bIII		vii%65	vii	%	65					%7	0	0	2, -1, 3, 5		5	2
17	15	111/2	111/2	0.75	0	0	12/16	2	1	I6		Ab	bIII		I6	I		6					M	0	0	4, 1, 0		0	4
17	15	225/4	225/4	0.75	3/16	3/16	12/16	2	1	IV		Ab	bIII		IV	IV							M	0	0	-1, 3, 0		-1	-1
17	15	57	57	0.5	3/8	3/8	12/16	2	1	V(964)		Ab	bIII		V(964)	V			964				M	0	0	1, 0, 4	3	1	1
17	15	115/2	115/2	0.25	1/2	1/2	12/16	2	1	V(64)		Ab	bIII		V(64)	V			64				M	0	0	1, 0, 4		1	1
17	15	231/4	231/4	0.75	9/16	9/16	12/16	2	1	V7		Ab	bIII		V7	V		7					Mm7	0	0	1, 5, 2, -1		1	1
18	16	117/2	117/2	0.75	0	0	12/16	2	1	#viio7/vi		Ab	bIII		#viio7/vi	#vii	o	7		vi			o7	0	0	8, 5, 2, -1		8	8
18	16	237/4	237/4	0.5	3/16	3/16	12/16	2	1	V7		Ab	bIII		V7	V		7					Mm7	0	0	1, 5, 2, -1		1	1
18	16	239/4	239/4	0.25	5/16	5/16	12/16	2	1	V		Ab	bIII		V	V							M	0	0	1, 5, 2		1	1
18	16	60	60	1.5	3/8	3/8	12/16	2	1	I|PAC}		Ab	bIII		I	I					PAC	}	M	0	0	0, 4, 1		0	0
18	16	243/4	243/4	0.0	9/16	9/16	12/16	2	1	{		Ab	bIII									{		0	0				
19	17	123/2	123/2	0.75	0	0	12/16	2	1	i.#viio/iv		Ab	i		#viio/iv	#vii	o			iv			o	0	1	4, 1, -2		4	4
19	17	249/4	249/4	0.75	3/16	3/16	12/16	2	1	#viio7/iv		Ab	i		#viio7/iv	#vii	o	7		iv			o7	0	1	4, 1, -2, -5		4	4
19	17	63	63	1.5	3/8	3/8	12/16	2	1	V65/iv		Ab	i		V65/iv	V		65		iv			Mm7	0	1	4, 1, -2, 0		0	4
20	18	129/2	129/2	0.75	0	0	12/16	2	1	iv(11)		Ab	i		iv(11)	iv			11				m	0	1	-1, -4, 0	-2	-1	-1
20	18	261/4	261/4	1.5	3/16	3/16	12/16	2	1	iv		Ab	i		iv	iv							m	0	1	-1, -4, 0		-1	-1
20	18	267/4	267/4	0.75	9/16	9/16	12/16	2	1	i64		Ab	i		i64	i		64					m	0	1	1, 0, -3		0	1
21	19	135/2	135/2	0.5	0	0	12/16	2	1	iv6(9)		Ab	i		iv6(9)	iv		6	9				m	0	1	-4, 0, -1	1	-1	-4
21	19	68	68	0.25	1/8	1/8	12/16	2	1	iv6		Ab	i		iv6	iv		6					m	0	1	-4, 0, -1		-1	-4
21	19	273/4	273/4	0.5	3/16	3/16	12/16	2	1	i64(11)		Ab	i		i64(11)	i		64	11				m	0	1	1, 0, -3	-1	0	1
21	19	275/4	275/4	0.25	5/16	5/16	12/16	2	1	i64		Ab	i		i64	i		64					m	0	1	1, 0, -3		0	1
21	19	69	69	0.5	3/8	3/8	12/16	2	1	ii6(9)		Ab	i		ii6(9)	ii		6	9				m	0	1	-1, 3, 2	-3	2	-1
21	19	139/2	139/2	0.25	1/2	1/2	12/16	2	1	ii6		Ab	i		ii6	ii		6					m	0	1	-1, 3, 2		2	-1
21	19	279/4	279/4	0.25	9/16	9/16	12/16	2	1	V6/V		Ab	i		V6/V	V		6		V			M	0	1	6, 3, 2		2	6
21	19	70	70	0.5	5/8	5/8	12/16	2	1	viio7/V		Ab	i		viio7/V	vii	o	7		V			o7	0	1	6, 3, 0, -3		6	6
22	20	141/2	141/2	0.75	0	0	12/16	2	1	V[V(64)		Ab	i	V	V(64)	V			64				M	0	1	1, 0, -3		1	1
22	20	285/4	285/4	0.75	3/16	3/16	12/16	2	1	viio2/V		Ab	i	V	viio2/V	vii	o	2		V			o7	0	1	-3, 6, 3, 0		6	-3
22	20	72	72	1.25	3/8	3/8	12/16	2	1	V]|HC}		Ab	i	V	V	V					HC	}	M	0	1	1, 5, 2		1	1
22	20	293/4	293/4	0.25	11/16	11/16	12/16	2	1	V2		Ab	i		V2	V		2					Mm7	0	1	-1, 1, 5, 2		1	-1
23	21	147/2	147/2	0.25	0	0	12/16	2	1	i6{		Ab	i		i6	i		6				{	m	0	1	-3, 1, 0		0	-3
23	21	295/4	295/4	0.75	1/16	1/16	12/16	2	1	i6(#11)		Ab	i		i6(#11)	i		6	#11				m	0	1	-3, 1, 0	6	0	-3
23	21	149/2	149/2	0.5	1/4	1/4	12/16	2	1	i6		Ab	i		i6	i		6					m	0	1	-3, 1, 0		0	-3
23	21	75	75	0.75	3/8	3/8	12/16	2	1	V64(9)		Ab	i		V64(9)	V		64	9				M	0	1	2, 1, 5	-4	1	2
23	21	303/4	303/4	0.75	9/16	9/16	12/16	2	1	V64		Ab	i		V64	V		64					M	0	1	2, 1, 5		1	2
24	22	153/2	153/2	0.25	0	0	12/16	2	1	i		Ab	i		i	i							m	0	1	0, -3, 1		0	0
24	22	307/4	307/4	0.75	1/16	1/16	12/16	2	1	i(#11)		Ab	i		i(#11)	i			#11				m	0	1	0, -3, 1	6	0	0
24	22	155/2	155/2	0.5	1/4	1/4	12/16	2	1	i		Ab	i		i	i							m	0	1	0, -3, 1		0	0
24	22	78	78	0.5	3/8	3/8	12/16	2	1	v6(9)		Ab	i		v6(9)	v		6	9				m	0	1	-2, 2, 1	-4	1	-2
24	22	157/2	157/2	0.25	1/2	1/2	12/16	2	1	v6		Ab	i		v6	v		6					m	0	1	-2, 2, 1		1	-2
24	22	315/4	315/4	0.75	9/16	9/16	12/16	2	1	V2/iv		Ab	i		V2/iv	V		2		iv			Mm7	0	1	-2, 0, 4, 1		0	-2
25	23	159/2	159/2	1.0	0	0	12/16	2	1	iv6		Ab	i		iv6	iv		6					m	0	1	-4, 0, -1		-1	-4
25	23	161/2	161/2	0.25	1/4	1/4	12/16	2	1	V64/iv		Ab	i		V64/iv	V		64		iv			M	0	1	1, 0, 4		0	1
25	23	323/4	323/4	0.25	5/16	5/16	12/16	2	1	iv		Ab	i		iv	iv							m	0	1	-1, -4, 0		-1	-1
25	23	81	81	0.5	3/8	3/8	12/16	2	1	V(964)		Ab	i		V(964)	V			964				M	0	1	1, 0, -3	-4	1	1
25	23	163/2	163/2	0.25	1/2	1/2	12/16	2	1	V(64)		Ab	i		V(64)	V			64				M	0	1	1, 0, -3		1	1
25	23	327/4	327/4	0.75	9/16	9/16	12/16	2	1	V7		Ab	i		V7	V		7					Mm7	0	1	1, 5, 2, -1		1	1
26	24	165/2	165/2	0.75	0	0	12/16	2	1	#viio2		Ab	i		#viio2	#vii	o	2					o7	0	1	-4, 5, 2, -1		5	-4
26	24	333/4	333/4	0.75	3/16	3/16	12/16	2	1	V7		Ab	i		V7	V		7					Mm7	0	1	1, 5, 2, -1		1	1
26	24	84	84	0.75	3/8	3/8	12/16	2	1	i|PAC}		Ab	i		i	i					PAC	}	m	0	1	0, -3, 1		0	0
26	24	339/4	339/4	0.75	9/16	9/16	12/16	2	1	i6{		Ab	i		i6	i		6				{	m	0	1	-3, 1, 0		0	-3
27	25	171/2	171/2	0.75	0	0	12/16	2	1	ii	#viio6	Ab	i		ii	ii							m	0	1	2, -1, 3		2	2
27	25	345/4	345/4	0.75	3/16	3/16	12/16	2	1	V		Ab	i		V	V							M	0	1	1, 5, 2		1	1
27	25	87	87	3.0	3/8	3/8	12/16	2	1	i|PAC}		Ab	i		i	i					PAC	}	m	0	1	0, -3, 1		0	0
29	25	90	90	1.5	0	3/8	6/8	2	1	I.I{		Ab	I		I	I						{	M	0	0	0, 4, 1		0	0
30	26	183/2	183/2	1.5	0	0	6/8	2	1	IV		Ab	I		IV	IV							M	0	0	-1, 3, 0		-1	-1
30	26	93	93	1.5	3/8	3/8	6/8	2	1	ii	viio6	Ab	I		ii	ii							m	0	0	2, -1, 3		2	2
31	27	189/2	189/2	1.5	0	0	6/8	2	1	V		Ab	I		V	V							M	0	0	1, 5, 2		1	1
31	27	96	96	1.5	3/8	3/8	6/8	2	1	I6		Ab	I		I6	I		6					M	0	0	4, 1, 0		0	4
32	28	195/2	195/2	1.5	0	0	6/8	2	1	vi	IV6	Ab	I		vi	vi							m	0	0	3, 0, 4		3	3
32	28	99	99	1.5	3/8	3/8	6/8	2	1	V		Ab	I		V	V							M	0	0	1, 5, 2		1	1
33	29	201/2	201/2	2.0	0	0	6/8	2	1	I6		Ab	I		I6	I		6					M	0	0	4, 1, 0		0	4
33	29	205/2	205/2	1.0	1/2	1/2	6/8	2	1	I		Ab	I		I	I							M	0	0	0, 4, 1		0	0
34	30	207/2	207/2	1.5	0	0	6/8	2	1	viio(2)/V		Ab	I		viio(2)/V	vii	o		2	V			o	0	0	1, 3, 0		6	1
34	30	105	105	1.5	3/8	3/8	6/8	2	1	viio/V		Ab	I		viio/V	vii	o			V			o	0	0	6, 3, 0		6	6
35	31	213/2	213/2	1.5	0	0	6/8	2	1	#viio(2)/vi		Ab	I		#viio(2)/vi	#vii	o		2	vi			o	0	0	3, 5, 2		8	3
35	31	108	108	1.5	3/8	3/8	6/8	2	1	#viio/vi		Ab	I		#viio/vi	#vii	o			vi			o	0	0	8, 5, 2		8	8
36	32	219/2	219/2	1.5	0	0	6/8	2	1	vi6	I	Ab	I		vi6	vi		6					m	0	0	0, 4, 3		3	0
36	32	111	111	1.0	3/8	3/8	6/8	2	1	ii	V/V	Ab	I		ii	ii							m	0	0	2, -1, 3		2	2
36	32	112	112	0.5	5/8	5/8	6/8	2	1	viio/V		Ab	I		viio/V	vii	o			V			o	0	0	6, 3, 0		6	6
37	33	225/2	225/2	2.5	0	0	6/8	2	1	V		Ab	I		V	V							M	0	0	1, 5, 2		1	1
37	33	115	115	0.5	5/8	5/8	6/8	2	1	V2		Ab	I		V2	V		2					Mm7	0	0	-1, 1, 5, 2		1	-1
38	34	231/2	231/2	1.5	0	0	6/8	2	1	I6(2)		Ab	I		I6(2)	I		6	2				M	0	0	4, 1, 2		0	4
38	34	117	117	1.0	3/8	3/8	6/8	2	1	I6		Ab	I		I6	I		6					M	0	0	4, 1, 0		0	4
38	34	118	118	0.5	5/8	5/8	6/8	2	1	viio6/IV		Ab	I		viio6/IV	vii	o	6		IV			o	0	0	1, -2, 4		4	1
39	35	237/2	237/2	1.0	0	0	6/8	2	1	IV(2)		Ab	I		IV(2)	IV			2				M	0	0	1, 3, 0		-1	1
39	35	239/2	239/2	1.0	1/4	1/4	6/8	2	1	IV		Ab	I		IV	IV							M	0	0	-1, 3, 0		-1	-1
39	35	241/2	241/2	0.5	1/2	1/2	6/8	2	1	#viio7/iii		Ab	I		#viio7/iii	#vii	o	7		iii			o7	0	0	9, 6, 3, 0		9	9
39	35	121	121	0.5	5/8	5/8	6/8	2	1	I6		Ab	I		I6	I		6					M	0	0	4, 1, 0		0	4
40	36	243/2	243/2	1.0	0	0	6/8	2	1	ii		Ab	I		ii	ii							m	0	0	2, -1, 3		2	2
40	36	245/2	245/2	0.5	1/4	1/4	6/8	2	1	IV		Ab	I		IV	IV							M	0	0	-1, 3, 0		-1	-1
40	36	123	123	1.0	3/8	3/8	6/8	2	1	V(4)		Ab	I		V(4)	V			4				M	0	0	1, 0, 2		1	1
40	36	124	124	0.5	5/8	5/8	6/8	2	1	viio64		Ab	I		viio64	vii	o	64					o	0	0	-1, 5, 2		5	-1
41	37	249/2	249/2	1.0	0	0	6/8	2	1	ii/ii		Ab	I		ii/ii	ii				ii			m	0	0	4, 1, 5		4	4
41	37	251/2	251/2	0.5	1/4	1/4	6/8	2	1	ii7/ii		Ab	I		ii7/ii	ii		7		ii			mm7	0	0	4, 1, 5, 2		4	4
41	37	126	126	1.0	3/8	3/8	6/8	2	1	V(4)/ii		Ab	I		V(4)/ii	V			4	ii			M	0	0	3, 2, 4		3	3
41	37	127	127	0.5	5/8	5/8	6/8	2	1	#viio64/ii		Ab	I		#viio64/ii	#vii	o	64		ii			o	0	0	1, 7, 4		7	1
42	38	255/2	255/2	1.0	0	0	6/8	2	1	ii6		Ab	I		ii6	ii		6					m	0	0	-1, 3, 2		2	-1
42	38	257/2	257/2	0.5	1/4	1/4	6/8	2	1	viio/V		Ab	I		viio/V	vii	o			V			o	0	0	6, 3, 0		6	6
42	38	129	129	1.0	3/8	3/8	6/8	2	1	V		Ab	I		V	V							M	0	0	1, 5, 2		1	1
42	38	130	130	0.5	5/8	5/8	6/8	2	1	viio		Ab	I		viio	vii	o						o	0	0	5, 2, -1		5	5
43	39	261/2	261/2	2.0	0	0	6/8	2	1	I|IAC}{		Ab	I		I	I					IAC	}{	M	0	0	0, 4, 1		0	0
43	39	265/2	265/2	1.0	1/2	1/2	6/8	2	1	V65		Ab	I		V65	V		65					Mm7	0	0	5, 2, -1, 1		1	5
44	40	267/2	267/2	0.5	0	0	6/8	2	1	vi7		Ab	I		vi7	vi		7					mm7	0	0	3, 0, 4, 1		3	3
44	40	134	134	0.5	1/8	1/8	6/8	2	1	I		Ab	I		I	I							M	0	0	0, 4, 1		0	0
44	40	269/2	269/2	0.5	1/4	1/4	6/8	2	1	V6		Ab	I		V6	V		6					M	0	0	5, 2, 1		1	5
44	40	135	135	0.5	3/8	3/8	6/8	2	1	IV6		Ab	I		IV6	IV		6					M	0	0	3, 0, -1		-1	3
44	40	271/2	271/2	0.5	1/2	1/2	6/8	2	1	#viio7/vi		Ab	I		#viio7/vi	#vii	o	7		vi			o7	0	0	8, 5, 2, -1		8	8
44	40	136	136	0.5	5/8	5/8	6/8	2	1	vi		Ab	I		vi	vi							m	0	0	3, 0, 4		3	3
45	41	273/2	273/2	1.0	0	0	6/8	2	1	#viio6/vi		Ab	I		#viio6/vi	#vii	o	6		vi			o	0	0	5, 2, 8		8	5
45	41	275/2	275/2	0.5	1/4	1/4	6/8	2	1	vi6(11)		Ab	I		vi6(11)	vi		6	11				m	0	0	0, 4, 3	2	3	0
45	41	138	138	0.5	3/8	3/8	6/8	2	1	iio/vi		Ab	I		iio/vi	ii	o			vi			o	0	0	5, 2, -1		5	5
45	41	277/2	277/2	1.0	1/2	1/2	6/8	2	1	vi(13)		Ab	I		vi(13)	vi			13				m	0	0	3, 0, 4	-1	3	3
46	42	279/2	279/2	1.0	0	0	6/8	2	1	#viio7/vi		Ab	I		#viio7/vi	#vii	o	7		vi			o7	0	0	8, 5, 2, -1		8	8
46	42	281/2	281/2	0.5	1/4	1/4	6/8	2	1	VI6/vi		Ab	I		VI6/vi	VI		6		vi			M	0	0	3, 0, -1		-1	3
46	42	141	141	1.0	3/8	3/8	6/8	2	1	V6/vi		Ab	I		V6/vi	V		6		vi			M	0	0	8, 5, 4		4	8
46	42	142	142	0.5	5/8	5/8	6/8	2	1	#viio/vi		Ab	I		#viio/vi	#vii	o			vi			o	0	0	8, 5, 2		8	8
47	43	285/2	285/2	1.0	0	0	6/8	2	1	vi(9)		Ab	I		vi(9)	vi			9				m	0	0	3, 0, 4	5	3	3
47	43	287/2	287/2	0.5	1/4	1/4	6/8	2	1	V6/V		Ab	I		V6/V	V		6		V			M	0	0	6, 3, 2		2	6
47	43	144	144	0.5	3/8	3/8	6/8	2	1	V(9)		Ab	I		V(9)	V			9				M	0	0	1, 5, 2	3	1	1
47	43	289/2	289/2	0.5	1/2	1/2	6/8	2	1	vi/V		Ab	I		vi/V	vi				V			m	0	0	4, 1, 5		4	4
47	43	145	145	0.5	5/8	5/8	6/8	2	1	ii6/V		Ab	I		ii6/V	ii		6		V			m	0	0	0, 4, 3		3	0
48	44	291/2	291/2	0.5	0	0	6/8	2	1	V65/ii		Ab	I		V65/ii	V		65		ii			Mm7	0	0	7, 4, 1, 3		3	7
48	44	146	146	0.5	1/8	1/8	6/8	2	1	V/V		Ab	I		V/V	V				V			M	0	0	2, 6, 3		2	2
48	44	293/2	293/2	0.5	1/4	1/4	6/8	2	1	V7/V		Ab	I		V7/V	V		7		V			Mm7	0	0	2, 6, 3, 0		2	2
48	44	147	147	1.0	3/8	3/8	6/8	2	1	V		Ab	I		V	V							M	0	0	1, 5, 2		1	1
48	44	148	148	0.5	5/8	5/8	6/8	2	1	V7		Ab	I		V7	V		7					Mm7	0	0	1, 5, 2, -1		1	1
49	45	297/2	297/2	0.5	0	0	6/8	2	1	I|IAC}{		Ab	I		I	I					IAC	}{	M	0	0	0, 4, 1		0	0
49	45	149	149	1.0	1/8	1/8	6/8	2	1	viio6(2)		Ab	I		viio6(2)	vii	o	6	2				o	0	0	2, -1, 0		5	2
49	45	150	150	1.5	3/8	3/8	6/8	2	1	vi		Ab	I		vi	vi							m	0	0	3, 0, 4		3	3
50	46	303/2	303/2	1.5	0	0	6/8	2	1	V43		Ab	I		V43	V		43					Mm7	0	0	2, -1, 1, 5		1	2
50	46	153	153	1.5	3/8	3/8	6/8	2	1	viio		Ab	I		viio	vii	o						o	0	0	5, 2, -1		5	5
51	47	309/2	309/2	1.0	0	0	6/8	2	1	I6(2)		Ab	I		I6(2)	I		6	2				M	0	0	4, 1, 2		0	4
51	47	311/2	311/2	0.5	1/4	1/4	6/8	2	1	I6		Ab	I		I6	I		6					M	0	0	4, 1, 0		0	4
51	47	156	156	1.0	3/8	3/8	6/8	2	1	V7/V		Ab	I		V7/V	V		7		V			Mm7	0	0	2, 6, 3, 0		2	2
51	47	157	157	0.5	5/8	5/8	6/8	2	1	vii%43/V		Ab	I		vii%43/V	vii	%	43		V			%7	0	0	0, 4, 6, 3		6	0
52	48	315/2	315/2	1.0	0	0	6/8	2	1	V6(6)		Ab	I		V6(6)	V		6	6				M	0	0	5, 4, 1		1	5
52	48	317/2	317/2	0.5	1/4	1/4	6/8	2	1	V6		Ab	I		V6	V		6					M	0	0	5, 2, 1		1	5
52	48	159	159	1.5	3/8	3/8	6/8	2	1	V43		Ab	I		V43	V		43					Mm7	0	0	2, -1, 1, 5		1	2
53	49	321/2	321/2	1.0	0	0	6/8	2	1	ii7		Ab	I		ii7	ii		7					mm7	0	0	2, -1, 3, 0		2	2
53	49	323/2	323/2	0.5	1/4	1/4	6/8	2	1	viio6		Ab	I		viio6	vii	o	6					o	0	0	2, -1, 5		5	2
53	49	162	162	0.5	3/8	3/8	6/8	2	1	IM7		Ab	I		IM7	I	M	7					MM7	0	0	0, 4, 1, 5		0	0
53	49	325/2	325/2	0.5	1/2	1/2	6/8	2	1	I		Ab	I		I	I							M	0	0	0, 4, 1		0	0
53	49	163	163	0.5	5/8	5/8	6/8	2	1	vii%43/IV		Ab	I		vii%43/IV	vii	%	43		IV			%7	0	0	-2, 2, 4, 1		4	-2
54	50	327/2	327/2	1.0	0	0	6/8	2	1	IV6(6)		Ab	I		IV6(6)	IV		6	6				M	0	0	3, 2, -1		-1	3
54	50	329/2	329/2	0.5	1/4	1/4	6/8	2	1	IV6		Ab	I		IV6	IV		6					M	0	0	3, 0, -1		-1	3
54	50	165	165	1.5	3/8	3/8	6/8	2	1	#viio6/v		Ab	I		#viio6/v	#vii	o	6		v			o	0	0	3, 0, 6		6	3
55	51	333/2	333/2	1.0	0	0	6/8	2	1	v(42)		Ab	I		v(42)	v			42				m	0	0	3, 0, 2		1	3
55	51	335/2	335/2	1.5	1/4	1/4	6/8	2	1	v		Ab	I		v	v							m	0	0	1, -2, 2		1	1
55	51	169	169	0.5	5/8	5/8	6/8	2	1	viio6/IV		Ab	I		viio6/IV	vii	o	6		IV			o	0	0	1, -2, 4		4	1
56	52	339/2	339/2	1.0	0	0	6/8	2	1	IV(42)		Ab	I		IV(42)	IV			42				M	0	0	1, 5, 0		-1	1
56	52	341/2	341/2	1.0	1/4	1/4	6/8	2	1	IV		Ab	I		IV	IV							M	0	0	-1, 3, 0		-1	-1
56	52	343/2	343/2	0.5	1/2	1/2	6/8	2	1	#viio7/iii		Ab	I		#viio7/iii	#vii	o	7		iii			o7	0	0	9, 6, 3, 0		9	9
56	52	172	172	0.5	5/8	5/8	6/8	2	1	iii	I6	Ab	I		iii	iii							m	0	0	4, 1, 5		4	4
57	53	345/2	345/2	1.0	0	0	6/8	2	1	viio6		Ab	I		viio6	vii	o	6					o	0	0	2, -1, 5		5	2
57	53	347/2	347/2	0.5	1/4	1/4	6/8	2	1	IV64		Ab	I		IV64	IV		64					M	0	0	0, -1, 3		-1	0
57	53	174	174	1.5	3/8	3/8	6/8	2	1	V6		Ab	I		V6	V		6					M	0	0	5, 2, 1		1	5
58	54	351/2	351/2	1.0	0	0	6/8	2	1	I6		Ab	I		I6	I		6					M	0	0	4, 1, 0		0	4
58	54	353/2	353/2	0.5	1/4	1/4	6/8	2	1	iv64/ii		Ab	I		iv64/ii	iv		64		ii			m	0	0	2, 1, -2		1	2
58	54	177	177	1.5	3/8	3/8	6/8	2	1	V6/ii		Ab	I		V6/ii	V		6		ii			M	0	0	7, 4, 3		3	7
59	55	357/2	357/2	1.0	0	0	6/8	2	1	ii6		Ab	I		ii6	ii		6					m	0	0	-1, 3, 2		2	-1
59	55	359/2	359/2	0.5	1/4	1/4	6/8	2	1	viio/V		Ab	I		viio/V	vii	o			V			o	0	0	6, 3, 0		6	6
59	55	180	180	1.0	3/8	3/8	6/8	2	1	V		Ab	I		V	V							M	0	0	1, 5, 2		1	1
59	55	181	181	0.5	5/8	5/8	6/8	2	1	viio		Ab	I		viio	vii	o						o	0	0	5, 2, -1		5	5
60	56	363/2	363/2	1.5	0	0	6/8	2	1	I(9)		Ab	I		I(9)	I			9				M	0	0	0, 4, 1	2	0	0
60	56	183	183	1.0	3/8	3/8	6/8	2	1	IV6		Ab	I		IV6	IV		6					M	0	0	3, 0, -1		-1	3
60	56	184	184	0.5	5/8	5/8	6/8	2	1	vi		Ab	I		vi	vi							m	0	0	3, 0, 4		3	3
61	57	369/2	369/2	1.5	0	0	6/8	2	1	viio(9)		Ab	I		viio(9)	vii	o		9				o	0	0	5, 2, -1	0	5	5
61	57	186	186	1.0	3/8	3/8	6/8	2	1	V6/vi		Ab	I		V6/vi	V		6		vi			M	0	0	8, 5, 4		4	8
61	57	187	187	0.5	5/8	5/8	6/8	2	1	#viio/vi		Ab	I		#viio/vi	#vii	o			vi			o	0	0	8, 5, 2		8	8
62	58	375/2	375/2	0.5	0	0	6/8	2	1	vi(9)		Ab	I		vi(9)	vi			9				m	0	0	3, 0, 4	5	3	3
62	58	188	188	1.0	1/8	1/8	6/8	2	1	vi		Ab	I		vi	vi							m	0	0	3, 0, 4		3	3
62	58	189	189	1.0	3/8	3/8	6/8	2	1	iv6/vi		Ab	I		iv6/vi	iv		6		vi			m	0	0	-1, 3, 2		2	-1
62	58	190	190	0.5	5/8	5/8	6/8	2	1	vi64		Ab	I		vi64	vi		64					m	0	0	4, 3, 0		3	4
63	59	381/2	381/2	1.0	0	0	6/8	2	1	iio6/vi		Ab	I		iio6/vi	ii	o	6		vi			o	0	0	2, -1, 5		5	2
63	59	383/2	383/2	0.5	1/4	1/4	6/8	2	1	V65/iii		Ab	I		V65/iii	V		65		iii			Mm7	0	0	9, 6, 3, 5		5	9
63	59	192	192	1.0	3/8	3/8	6/8	2	1	V(64)/vi		Ab	I		V(64)/vi	V			64	vi			M	0	0	4, 3, 0		4	4
63	59	193	193	0.5	5/8	5/8	6/8	2	1	#viio64/vi		Ab	I		#viio64/vi	#vii	o	64		vi			o	0	0	2, 8, 5		8	2
64	60	387/2	387/2	1.0	0	0	6/8	2	1	vi6		Ab	I		vi6	vi		6					m	0	0	0, 4, 3		3	0
64	60	389/2	389/2	0.5	1/4	1/4	6/8	2	1	#viio/ii		Ab	I		#viio/ii	#vii	o			ii			o	0	0	7, 4, 1		7	7
64	60	195	195	1.0	3/8	3/8	6/8	2	1	ii		Ab	I		ii	ii							m	0	0	2, -1, 3		2	2
64	60	196	196	0.5	5/8	5/8	6/8	2	1	IV64		Ab	I		IV64	IV		64					M	0	0	0, -1, 3		-1	0
65	61	393/2	393/2	0.5	0	0	6/8	2	1	V65		Ab	I		V65	V		65					Mm7	0	0	5, 2, -1, 1		1	5
65	61	197	197	0.5	1/8	1/8	6/8	2	1	I		Ab	I		I	I							M	0	0	0, 4, 1		0	0
65	61	395/2	395/2	0.5	1/4	1/4	6/8	2	1	V6		Ab	I		V6	V		6					M	0	0	5, 2, 1		1	5
65	61	198	198	0.5	3/8	3/8	6/8	2	1	vi7		Ab	I		vi7	vi		7					mm7	0	0	3, 0, 4, 1		3	3
65	61	397/2	397/2	0.5	1/2	1/2	6/8	2	1	V		Ab	I		V	V							M	0	0	1, 5, 2		1	1
65	61	199	199	0.5	5/8	5/8	6/8	2	1	V2		Ab	I		V2	V		2					Mm7	0	0	-1, 1, 5, 2		1	-1
66	62	399/2	399/2	0.5	0	0	6/8	2	1	I6		Ab	I		I6	I		6					M	0	0	4, 1, 0		0	4
66	62	200	200	1.0	1/8	1/8	6/8	2	1	ii7		Ab	I		ii7	ii		7					mm7	0	0	2, -1, 3, 0		2	2
66	62	201	201	1.5	3/8	3/8	6/8	2	1	V65/ii		Ab	I		V65/ii	V		65		ii			Mm7	0	0	7, 4, 1, 3		3	7
67	63	405/2	405/2	0.5	0	0	6/8	2	1	ii6		Ab	I		ii6	ii		6					m	0	0	-1, 3, 2		2	-1
67	63	203	203	1.0	1/8	1/8	6/8	2	1	ii%7/ii		Ab	I		ii%7/ii	ii	%	7		ii			%7	0	0	4, 1, -2, 2		4	4
67	63	204	204	1.5	3/8	3/8	6/8	2	1	viio6		Ab	I		viio6	vii	o	6					o	0	0	2, -1, 5		5	2
68	64	411/2	411/2	1.5	0	0	6/8	2	1	I6		Ab	I		I6	I		6					M	0	0	4, 1, 0		0	4
68	64	207	207	0.5	3/8	3/8	6/8	2	1	ii65		Ab	I		ii65	ii		65					mm7	0	0	-1, 3, 0, 2		2	-1
68	64	415/2	415/2	1.0	1/2	1/2	6/8	2	1	V65/V		Ab	I		V65/V	V		65		V			Mm7	0	0	6, 3, 0, 2		2	6
69	65	417/2	417/2	1.5	0	0	6/8	2	1	V		Ab	I		V	V							M	0	0	1, 5, 2		1	1
69	65	210	210	1.5	3/8	3/8	6/8	2	1	V7		Ab	I		V7	V		7					Mm7	0	0	1, 5, 2, -1		1	1
70	66	423/2	423/2	1.0	0	0	6/8	2	1	#viio7/vi		Ab	I		#viio7/vi	#vii	o	7		vi			o7	0	0	8, 5, 2, -1		8	8
70	66	425/2	425/2	0.5	1/4	1/4	6/8	2	1	VI6/vi		Ab	I		VI6/vi	VI		6		vi			M	0	0	3, 0, -1		-1	3
70	66	213	213	1.5	3/8	3/8	6/8	2	1	V65/vi		Ab	I		V65/vi	V		65		vi			Mm7	0	0	8, 5, 2, 4		4	8
71	67	429/2	429/2	1.5	0	0	6/8	2	1	V/ii		Ab	I		V/ii	V				ii			M	0	0	3, 7, 4		3	3
71	67	216	216	1.5	3/8	3/8	6/8	2	1	V7/ii		Ab	I		V7/ii	V		7		ii			Mm7	0	0	3, 7, 4, 1		3	3
72	68	435/2	435/2	1.0	0	0	6/8	2	1	#viio7/vii		Ab	I		#viio7/vii	#vii	o	7		vii			o7	0	0	10, 7, 4, 1		10	10
72	68	437/2	437/2	0.5	1/4	1/4	6/8	2	1	VI6/vii		Ab	I		VI6/vii	VI		6		vii			M	0	0	5, 2, 1		1	5
72	68	219	219	0.5	3/8	3/8	6/8	2	1	V6/vii		Ab	I		V6/vii	V		6		vii			M	0	0	10, 7, 6		6	10
72	68	439/2	439/2	0.5	1/2	1/2	6/8	2	1	vii		Ab	I		vii	vii							m	0	0	5, 2, 6		5	5
72	68	220	220	0.5	5/8	5/8	6/8	2	1	#viio6/vii		Ab	I		#viio6/vii	#vii	o	6		vii			o	0	0	7, 4, 10		10	7
73	69	441/2	441/2	0.5	0	0	6/8	2	1	V/iii		Ab	I		V/iii	V				iii			M	0	0	5, 9, 6		5	5
73	69	221	221	0.5	1/8	1/8	6/8	2	1	#viio6/iii		Ab	I		#viio6/iii	#vii	o	6		iii			o	0	0	6, 3, 9		9	6
73	69	443/2	443/2	0.5	1/4	1/4	6/8	2	1	iii		Ab	I		iii	iii							m	0	0	4, 1, 5		4	4
73	69	222	222	1.5	3/8	3/8	6/8	2	1	#viio7/iii		Ab	I		#viio7/iii	#vii	o	7		iii			o7	0	0	9, 6, 3, 0		9	9
74	70	447/2	447/2	1.5	0	0	6/8	2	1	#viio65/iii		Ab	I		#viio65/iii	#vii	o	65		iii			o7	0	0	6, 3, 0, 9		9	6
74	70	225	225	1.0	3/8	3/8	6/8	2	1	iii6	V	Ab	I		iii6	iii		6					m	0	0	1, 5, 4		4	1
74	70	226	226	0.5	5/8	5/8	6/8	2	1	ii6	IV	Ab	I		ii6	ii		6					m	0	0	-1, 3, 2		2	-1
75	71	453/2	453/2	1.5	0	0	6/8	2	1	V6		Ab	I		V6	V		6					M	0	0	5, 2, 1		1	5
75	71	228	228	1.5	3/8	3/8	6/8	2	1	V43/V		Ab	I		V43/V	V		43		V			Mm7	0	0	3, 0, 2, 6		2	3
76	72	459/2	459/2	1.0	0	0	6/8	2	1	V6|HC}{		Ab	I		V6	V		6			HC	}{	M	0	0	5, 2, 1		1	5
76	72	461/2	461/2	0.5	1/4	1/4	6/8	2	1	iii64		Ab	I		iii64	iii		64					m	0	0	5, 4, 1		4	5
76	72	231	231	1.5	3/8	3/8	6/8	2	1	V/iii		Ab	I		V/iii	V				iii			M	0	0	5, 9, 6		5	5
77	73	465/2	465/2	1.5	0	0	6/8	2	1	iii		Ab	I		iii	iii							m	0	0	4, 1, 5		4	4
77	73	234	234	1.5	3/8	3/8	6/8	2	1	V65/ii		Ab	I		V65/ii	V		65		ii			Mm7	0	0	7, 4, 1, 3		3	7
78	74	471/2	471/2	1.5	0	0	6/8	2	1	iio/iii		Ab	I		iio/iii	ii	o			iii			o	0	0	6, 3, 0		6	6
78	74	237	237	1.5	3/8	3/8	6/8	2	1	V65/iii		Ab	I		V65/iii	V		65		iii			Mm7	0	0	9, 6, 3, 5		5	9
79	75	477/2	477/2	1.5	0	0	6/8	2	1	iii6		Ab	I		iii6	iii		6					m	0	0	1, 5, 4		4	1
79	75	240	240	1.5	3/8	3/8	6/8	2	1	iii		Ab	I		iii	iii							m	0	0	4, 1, 5		4	4
80	76	483/2	483/2	1.5	0	0	6/8	2	1	iv/iii		Ab	I		iv/iii	iv				iii			m	0	0	3, 0, 4		3	3
80	76	243	243	1.5	3/8	3/8	6/8	2	1	iio/iii		Ab	I		iio/iii	ii	o			iii			o	0	0	6, 3, 0		6	6
81	77	489/2	489/2	1.5	0	0	6/8	2	1	iio/vi		Ab	I		iio/vi	ii	o			vi			o	0	0	5, 2, -1		5	5
81	77	246	246	1.5	3/8	3/8	6/8	2	1	V65/vi		Ab	I		V65/vi	V		65		vi			Mm7	0	0	8, 5, 2, 4		4	8
82	78	495/2	495/2	1.5	0	0	6/8	2	1	V6/ii		Ab	I		V6/ii	V		6		ii			M	0	0	7, 4, 3		3	7
82	78	249	249	1.5	3/8	3/8	6/8	2	1	V7/ii		Ab	I		V7/ii	V		7		ii			Mm7	0	0	3, 7, 4, 1		3	3
83	79	501/2	501/2	1.5	0	0	6/8	2	1	ii		Ab	I		ii	ii							m	0	0	2, -1, 3		2	2
83	79	252	252	1.5	3/8	3/8	6/8	2	1	V64/ii		Ab	I		V64/ii	V		64		ii			M	0	0	4, 3, 7		3	4
84	80	507/2	507/2	1.5	0	0	6/8	2	1	ii6		Ab	I		ii6	ii		6					m	0	0	-1, 3, 2		2	-1
84	80	255	255	1.0	3/8	3/8	6/8	2	1	V64/ii		Ab	I		V64/ii	V		64		ii			M	0	0	4, 3, 7		3	4
84	80	256	256	0.5	5/8	5/8	6/8	2	1	V2/ii		Ab	I		V2/ii	V		2		ii			Mm7	0	0	1, 3, 7, 4		3	1
85	81	513/2	513/2	1.0	0	0	6/8	2	1	ii6		Ab	I		ii6	ii		6					m	0	0	-1, 3, 2		2	-1
85	81	515/2	515/2	0.5	1/4	1/4	6/8	2	1	ii		Ab	I		ii	ii							m	0	0	2, -1, 3		2	2
85	81	258	258	1.0	3/8	3/8	6/8	2	1	V6/ii		Ab	I		V6/ii	V		6		ii			M	0	0	7, 4, 3		3	7
85	81	259	259	0.5	5/8	5/8	6/8	2	1	V43/ii		Ab	I		V43/ii	V		43		ii			Mm7	0	0	4, 1, 3, 7		3	4
86	82	519/2	519/2	1.0	0	0	6/8	2	1	ii		Ab	I		ii	ii							m	0	0	2, -1, 3		2	2
86	82	521/2	521/2	0.5	1/4	1/4	6/8	2	1	ii6		Ab	I		ii6	ii		6					m	0	0	-1, 3, 2		2	-1
86	82	261	261	0.5	3/8	3/8	6/8	2	1	V6		Ab	I		V6	V		6					M	0	0	5, 2, 1		1	5
86	82	523/2	523/2	0.5	1/2	1/2	6/8	2	1	I		Ab	I		I	I							M	0	0	0, 4, 1		0	0
86	82	262	262	0.5	5/8	5/8	6/8	2	1	V43		Ab	I		V43	V		43					Mm7	0	0	2, -1, 1, 5		1	2
87	83	525/2	525/2	1.0	0	0	6/8	2	1	I		Ab	I		I	I							M	0	0	0, 4, 1		0	0
87	83	527/2	527/2	0.5	1/4	1/4	6/8	2	1	I6		Ab	I		I6	I		6					M	0	0	4, 1, 0		0	4
87	83	264	264	1.0	3/8	3/8	6/8	2	1	V64		Ab	I		V64	V		64					M	0	0	2, 1, 5		1	2
87	83	265	265	0.5	5/8	5/8	6/8	2	1	V2		Ab	I		V2	V		2					Mm7	0	0	-1, 1, 5, 2		1	-1
88	84	531/2	531/2	1.0	0	0	6/8	2	1	I6		Ab	I		I6	I		6					M	0	0	4, 1, 0		0	4
88	84	533/2	533/2	0.5	1/4	1/4	6/8	2	1	I64		Ab	I		I64	I		64					M	0	0	1, 0, 4		0	1
88	84	267	267	1.5	3/8	3/8	6/8	2	1	V43		Ab	I		V43	V		43					Mm7	0	0	2, -1, 1, 5		1	2
89	85	537/2	537/2	1.0	0	0	6/8	2	1	I6		Ab	I		I6	I		6					M	0	0	4, 1, 0		0	4
89	85	539/2	539/2	0.5	1/4	1/4	6/8	2	1	I		Ab	I		I	I							M	0	0	0, 4, 1		0	0
89	85	270	270	1.5	3/8	3/8	6/8	2	1	V65		Ab	I		V65	V		65					Mm7	0	0	5, 2, -1, 1		1	5
90	86	543/2	543/2	1.0	0	0	6/8	2	1	I		Ab	I		I	I							M	0	0	0, 4, 1		0	0
90	86	545/2	545/2	0.5	1/4	1/4	6/8	2	1	IV.V2		Ab	IV		V2	V		2					Mm7	0	0	-1, 1, 5, 2		1	-1
90	86	273	273	1.5	3/8	3/8	6/8	2	1	I6		Ab	IV		I6	I		6					M	0	0	4, 1, 0		0	4
91	87	549/2	549/2	1.0	0	0	6/8	2	1	ii		Ab	IV		ii	ii							m	0	0	2, -1, 3		2	2
91	87	551/2	551/2	0.5	1/4	1/4	6/8	2	1	vi6		Ab	IV		vi6	vi		6					m	0	0	0, 4, 3		3	0
91	87	276	276	1.5	3/8	3/8	6/8	2	1	V65		Ab	IV		V65	V		65					Mm7	0	0	5, 2, -1, 1		1	5
92	88	555/2	555/2	0.5	0	0	6/8	2	1	V2		Ab	IV		V2	V		2					Mm7	0	0	-1, 1, 5, 2		1	-1
92	88	278	278	1.0	1/8	1/8	6/8	2	1	I6		Ab	IV		I6	I		6					M	0	0	4, 1, 0		0	4
92	88	279	279	1.0	3/8	3/8	6/8	2	1	vi6		Ab	IV		vi6	vi		6					m	0	0	0, 4, 3		3	0
92	88	280	280	0.5	5/8	5/8	6/8	2	1	#viio64/ii		Ab	IV		#viio64/ii	#vii	o	64		ii			o	0	0	1, 7, 4		7	1
93	89	561/2	561/2	0.5	0	0	6/8	2	1	ii6		Ab	IV		ii6	ii		6					m	0	0	-1, 3, 2		2	-1
93	89	281	281	0.5	1/8	1/8	6/8	2	1	ii		Ab	IV		ii	ii							m	0	0	2, -1, 3		2	2
93	89	563/2	563/2	0.5	1/4	1/4	6/8	2	1	vi6		Ab	IV		vi6	vi		6					m	0	0	0, 4, 3		3	0
93	89	282	282	0.5	3/8	3/8	6/8	2	1	V6		Ab	IV		V6	V		6					M	0	0	5, 2, 1		1	5
93	89	565/2	565/2	0.5	1/2	1/2	6/8	2	1	I		Ab	IV		I	I							M	0	0	0, 4, 1		0	0
93	89	283	283	0.5	5/8	5/8	6/8	2	1	viio6		Ab	IV		viio6	vii	o	6					o	0	0	2, -1, 5		5	2
94	90	567/2	567/2	2.0	0	0	6/8	2	1	I		Ab	IV		I	I							M	0	0	0, 4, 1		0	0
94	90	571/2	571/2	0.5	1/2	1/2	6/8	2	1	I.#viio7/iii		Ab	I		#viio7/iii	#vii	o	7		iii			o7	0	0	9, 6, 3, 0		9	9
94	90	286	286	0.5	5/8	5/8	6/8	2	1	I6		Ab	I		I6	I		6					M	0	0	4, 1, 0		0	4
95	91	573/2	573/2	1.5	0	0	6/8	2	1	ii		Ab	I		ii	ii							m	0	0	2, -1, 3		2	2
95	91	288	288	1.0	3/8	3/8	6/8	2	1	V		Ab	I		V	V							M	0	0	1, 5, 2		1	1
95	91	289	289	0.5	5/8	5/8	6/8	2	1	V2		Ab	I		V2	V		2					Mm7	0	0	-1, 1, 5, 2		1	-1
96	92	579/2	579/2	0.5	0	0	6/8	2	1	I6		Ab	I		I6	I		6					M	0	0	4, 1, 0		0	4
96	92	290	290	1.0	1/8	1/8	6/8	2	1	I		Ab	I		I	I							M	0	0	0, 4, 1		0	0
96	92	291	291	1.5	3/8	3/8	6/8	2	1	V7/IV		Ab	I		V7/IV	V		7		IV			Mm7	0	0	0, 4, 1, -2		0	0
97	93	585/2	585/2	1.5	0	0	6/8	2	1	IV		Ab	I		IV	IV							M	0	0	-1, 3, 0		-1	-1
97	93	294	294	1.5	3/8	3/8	6/8	2	1	V43		Ab	I		V43	V		43					Mm7	0	0	2, -1, 1, 5		1	2
98	94	591/2	591/2	1.0	0	0	6/8	2	1	I64		Ab	I		I64	I		64					M	0	0	1, 0, 4		0	1
98	94	593/2	593/2	0.5	1/4	1/4	6/8	2	1	iii		Ab	I		iii	iii							m	0	0	4, 1, 5		4	4
98	94	297	297	1.0	3/8	3/8	6/8	2	1	viio6		Ab	I		viio6	vii	o	6					o	0	0	2, -1, 5		5	2
98	94	298	298	0.5	5/8	5/8	6/8	2	1	I		Ab	I		I	I							M	0	0	0, 4, 1		0	0
99	95	597/2	597/2	1.0	0	0	6/8	2	1	viio		Ab	I		viio	vii	o						o	0	0	5, 2, -1		5	5
99	95	599/2	599/2	0.5	1/4	1/4	6/8	2	1	ii		Ab	I		ii	ii							m	0	0	2, -1, 3		2	2
99	95	300	300	1.0	3/8	3/8	6/8	2	1	V/vi		Ab	I		V/vi	V				vi			M	0	0	4, 8, 5		4	4
99	95	301	301	0.5	5/8	5/8	6/8	2	1	V65/vi		Ab	I		V65/vi	V		65		vi			Mm7	0	0	8, 5, 2, 4		4	8
100	96	603/2	603/2	1.0	0	0	6/8	2	1	vi		Ab	I		vi	vi							m	0	0	3, 0, 4		3	3
100	96	605/2	605/2	0.5	1/4	1/4	6/8	2	1	I		Ab	I		I	I							M	0	0	0, 4, 1		0	0
100	96	303	303	1.0	3/8	3/8	6/8	2	1	V/V		Ab	I		V/V	V				V			M	0	0	2, 6, 3		2	2
100	96	304	304	0.5	5/8	5/8	6/8	2	1	V65/V		Ab	I		V65/V	V		65		V			Mm7	0	0	6, 3, 0, 2		2	6
101	97	609/2	609/2	1.5	0	0	6/8	2	1	V[V		Ab	I	V	V	V							M	0	0	1, 5, 2		1	1
101	97	306	306	1.0	3/8	3/8	6/8	2	1	vi		Ab	I	V	vi	vi							m	0	0	3, 0, 4		3	3
101	97	307	307	0.5	5/8	5/8	6/8	2	1	iii6		Ab	I	V	iii6	iii		6					m	0	0	1, 5, 4		4	1
102	98	615/2	615/2	1.5	0	0	6/8	2	1	V65/V		Ab	I	V	V65/V	V		65		V			Mm7	0	0	6, 3, 0, 2		2	6
102	98	309	309	1.0	3/8	3/8	6/8	2	1	V		Ab	I	V	V	V							M	0	0	1, 5, 2		1	1
102	98	310	310	0.5	5/8	5/8	6/8	2	1	V7		Ab	I	V	V7	V		7					Mm7	0	0	1, 5, 2, -1		1	1
103	99	621/2	621/2	1.0	0	0	6/8	2	1	I6]		Ab	I	V	I6	I		6					M	0	0	4, 1, 0		0	4
103	99	623/2	623/2	0.5	1/4	1/4	6/8	2	1	iv/ii		Ab	I		iv/ii	iv				ii			m	0	0	1, -2, 2		1	1
103	99	312	312	1.0	3/8	3/8	6/8	2	1	#viio43/ii		Ab	I		#viio43/ii	#vii	o	43		ii			o7	0	0	1, -2, 7, 4		7	1
103	99	313	313	0.5	5/8	5/8	6/8	2	1	#viio65/ii		Ab	I		#viio65/ii	#vii	o	65		ii			o7	0	0	4, 1, -2, 7		7	4
104	100	627/2	627/2	1.0	0	0	6/8	2	1	ii(6)		Ab	I		ii(6)	ii			6				m	0	0	2, -1, 5		2	2
104	100	629/2	629/2	0.5	1/4	1/4	6/8	2	1	ii6		Ab	I		ii6	ii		6					m	0	0	-1, 3, 2		2	-1
104	100	315	315	1.5	3/8	3/8	6/8	2	1	V65		Ab	I		V65	V		65					Mm7	0	0	5, 2, -1, 1		1	5
105	101	633/2	633/2	1.0	0	0	6/8	2	1	I(4)		Ab	I		I(4)	I			4				M	0	0	0, -1, 1		0	0
105	101	635/2	635/2	0.5	1/4	1/4	6/8	2	1	I		Ab	I		I	I							M	0	0	0, 4, 1		0	0
105	101	318	318	1.5	3/8	3/8	6/8	2	1	V7/ii		Ab	I		V7/ii	V		7		ii			Mm7	0	0	3, 7, 4, 1		3	3
106	102	639/2	639/2	1.0	0	0	6/8	2	1	ii(4)		Ab	I		ii(4)	ii			4				m	0	0	2, 1, 3		2	2
106	102	641/2	641/2	0.5	1/4	1/4	6/8	2	1	ii		Ab	I		ii	ii							m	0	0	2, -1, 3		2	2
106	102	321	321	1.5	3/8	3/8	6/8	2	1	V65		Ab	I		V65	V		65					Mm7	0	0	5, 2, -1, 1		1	5
107	103	645/2	645/2	1.5	0	0	6/8	2	1	I6		Ab	I		I6	I		6					M	0	0	4, 1, 0		0	4
107	103	324	324	1.0	3/8	3/8	6/8	2	1	V/V		Ab	I		V/V	V				V			M	0	0	2, 6, 3		2	2
107	103	325	325	0.5	5/8	5/8	6/8	2	1	V2/V		Ab	I		V2/V	V		2		V			Mm7	0	0	0, 2, 6, 3		2	0
108	104	651/2	651/2	1.0	0	0	6/8	2	1	V6		Ab	I		V6	V		6					M	0	0	5, 2, 1		1	5
108	104	653/2	653/2	0.5	1/4	1/4	6/8	2	1	V65		Ab	I		V65	V		65					Mm7	0	0	5, 2, -1, 1		1	5
108	104	327	327	1.5	3/8	3/8	6/8	2	1	V2/IV		Ab	I		V2/IV	V		2		IV			Mm7	0	0	-2, 0, 4, 1		0	-2
109	105	657/2	657/2	1.0	0	0	6/8	2	1	IV6		Ab	I		IV6	IV		6					M	0	0	3, 0, -1		-1	3
109	105	659/2	659/2	0.5	1/4	1/4	6/8	2	1	iv6		Ab	I		iv6	iv		6					m	0	0	-4, 0, -1		-1	-4
109	105	330	330	1.0	3/8	3/8	6/8	2	1	V		Ab	I		V	V							M	0	0	1, 5, 2		1	1
109	105	331	331	0.5	5/8	5/8	6/8	2	1	V2		Ab	I		V2	V		2					Mm7	0	0	-1, 1, 5, 2		1	-1
110	106	663/2	663/2	1.0	0	0	6/8	2	1	I6(7)		Ab	I		I6(7)	I		6	7				M	0	0	4, 1, 5		0	4
110	106	665/2	665/2	0.5	1/4	1/4	6/8	2	1	I		Ab	I		I	I							M	0	0	0, 4, 1		0	0
110	106	333	333	1.0	3/8	3/8	6/8	2	1	IV		Ab	I		IV	IV							M	0	0	-1, 3, 0		-1	-1
110	106	334	334	0.5	5/8	5/8	6/8	2	1	ii		Ab	I		ii	ii							m	0	0	2, -1, 3		2	2
111	107	669/2	669/2	1.0	0	0	6/8	2	1	V		Ab	I		V	V							M	0	0	1, 5, 2		1	1
111	107	671/2	671/2	0.5	1/4	1/4	6/8	2	1	I6		Ab	I		I6	I		6					M	0	0	4, 1, 0		0	4
111	107	336	336	1.0	3/8	3/8	6/8	2	1	vi		Ab	I		vi	vi							m	0	0	3, 0, 4		3	3
111	107	337	337	0.5	5/8	5/8	6/8	2	1	vii%7		Ab	I		vii%7	vii	%	7					%7	0	0	5, 2, -1, 3		5	5
112	108	675/2	675/2	1.0	0	0	6/8	2	1	I		Ab	I		I	I							M	0	0	0, 4, 1		0	0
112	108	677/2	677/2	0.5	1/4	1/4	6/8	2	1	#viio7/vi		Ab	I		#viio7/vi	#vii	o	7		vi			o7	0	0	8, 5, 2, -1		8	8
112	108	339	339	0.5	3/8	3/8	6/8	2	1	vi		Ab	I		vi	vi							m	0	0	3, 0, 4		3	3
112	108	679/2	679/2	0.5	1/2	1/2	6/8	2	1	IV		Ab	I		IV	IV							M	0	0	-1, 3, 0		-1	-1
112	108	340	340	0.5	5/8	5/8	6/8	2	1	V65/V		Ab	I		V65/V	V		65		V			Mm7	0	0	6, 3, 0, 2		2	6
113	109	681/2	681/2	1.5	0	0	6/8	2	1	V		Ab	I		V	V							M	0	0	1, 5, 2		1	1
113	109	342	342	12.0	3/8	3/8	6/8	2	1	V7|HC}		Ab	I		V7	V		7			HC	}	Mm7	0	0	1, 5, 2, -1		1	1
117	113	354	354	2.5	3/8	3/8	12/16	2	1	vii.i64{		Ab	vii		i64	i		64				{	m	0	1	1, 0, -3		0	1
118	114	713/2	713/2	0.75	1/4	1/4	12/16	2	1	i6		Ab	vii		i6	i		6					m	0	1	-3, 1, 0		0	-3
118	114	1429/4	1429/4	2.5	7/16	7/16	12/16	2	1	i		Ab	vii		i	i							m	0	1	0, -3, 1		0	0
119	115	1439/4	1439/4	0.5	5/16	5/16	12/16	2	1	i(11)		Ab	vii		i(11)	i			11				m	0	1	0, -3, 1	-1	0	0
119	115	1441/4	1441/4	0.25	7/16	7/16	12/16	2	1	i		Ab	vii		i	i							m	0	1	0, -3, 1		0	0
119	115	721/2	721/2	0.5	1/2	1/2	12/16	2	1	i(9)		Ab	vii		i(9)	i			9				m	0	1	0, -3, 1	2	0	0
119	115	361	361	0.5	5/8	5/8	12/16	2	1	i		Ab	vii		i	i							m	0	1	0, -3, 1		0	0
120	116	723/2	723/2	0.5	0	0	12/16	2	1	V43(11)		Ab	vii		V43(11)	V		43	11				Mm7	0	1	2, -1, 1, 5	0	1	2
120	116	362	362	0.75	1/8	1/8	12/16	2	1	V43		Ab	vii		V43	V		43					Mm7	0	1	2, -1, 1, 5		1	2
120	116	1451/4	1451/4	1.25	5/16	5/16	12/16	2	1	V43(9)		Ab	vii		V43(9)	V		43	9				Mm7	0	1	2, -1, 1, 5	-4	1	2
120	116	364	364	0.5	5/8	5/8	12/16	2	1	V43		Ab	vii		V43	V		43					Mm7	0	1	2, -1, 1, 5		1	2
121	117	729/2	729/2	0.75	0	0	12/16	2	1	i6		Ab	vii		i6	i		6					m	0	1	-3, 1, 0		0	-3
121	117	1461/4	1461/4	0.5	3/16	3/16	12/16	2	1	V6/iv		Ab	vii		V6/iv	V		6		iv			M	0	1	4, 1, 0		0	4
121	117	1463/4	1463/4	0.25	5/16	5/16	12/16	2	1	V65/iv		Ab	vii		V65/iv	V		65		iv			Mm7	0	1	4, 1, -2, 0		0	4
121	117	366	366	0.5	3/8	3/8	12/16	2	1	iv(11)		Ab	vii		iv(11)	iv			11				m	0	1	-1, -4, 0	-2	-1	-1
121	117	733/2	733/2	0.5	1/2	1/2	12/16	2	1	iv		Ab	vii		iv	iv							m	0	1	-1, -4, 0		-1	-1
121	117	367	367	0.25	5/8	5/8	12/16	2	1	iv6(9)		Ab	vii		iv6(9)	iv		6	9				m	0	1	-4, 0, -1	1	-1	-4
121	117	1469/4	1469/4	0.25	11/16	11/16	12/16	2	1	iv6		Ab	vii		iv6	iv		6					m	0	1	-4, 0, -1		-1	-4
122	118	735/2	735/2	2.25	0	0	12/16	2	1	V(64)		Ab	vii		V(64)	V			64				M	0	1	1, 0, -3		1	1
122	118	1479/4	1479/4	0.75	9/16	9/16	12/16	2	1	V|HC}		Ab	vii		V	V					HC	}	M	0	1	1, 5, 2		1	1
123	119	741/2	741/2	0.75	0	0	12/16	2	1	i{		Ab	vii		i	i						{	m	0	1	0, -3, 1		0	0
123	119	1485/4	1485/4	0.75	3/16	3/16	12/16	2	1	II.IV6		Ab	II		IV6	IV		6					M	0	0	3, 0, -1		-1	3
123	119	372	372	0.75	3/8	3/8	12/16	2	1	V7(4)		Ab	II		V7(4)	V		7	4				Mm7	0	0	1, 0, 2, -1		1	1
123	119	1491/4	1491/4	0.75	9/16	9/16	12/16	2	1	V7		Ab	II		V7	V		7					Mm7	0	0	1, 5, 2, -1		1	1
124	120	747/2	747/2	0.75	0	0	12/16	2	1	V(64)		Ab	II		V(64)	V			64				M	0	0	1, 0, 4		1	1
124	120	1497/4	1497/4	0.75	3/16	3/16	12/16	2	1	V43/IV		Ab	II		V43/IV	V		43		IV			Mm7	0	0	1, -2, 0, 4		0	1
124	120	375	375	0.75	3/8	3/8	12/16	2	1	IV6		Ab	II		IV6	IV		6					M	0	0	3, 0, -1		-1	3
124	120	1503/4	1503/4	0.75	9/16	9/16	12/16	2	1	IV		Ab	II		IV	IV							M	0	0	-1, 3, 0		-1	-1
125	121	753/2	753/2	0.75	0	0	12/16	2	1	I6		Ab	II		I6	I		6					M	0	0	4, 1, 0		0	4
125	121	1509/4	1509/4	0.75	3/16	3/16	12/16	2	1	IV		Ab	II		IV	IV							M	0	0	-1, 3, 0		-1	-1
125	121	378	378	0.75	3/8	3/8	12/16	2	1	V(64)		Ab	II		V(64)	V			64				M	0	0	1, 0, 4		1	1
125	121	1515/4	1515/4	1.25	9/16	9/16	12/16	2	1	iio64		Ab	II		iio64	ii	o	64					o	0	0	-4, 2, -1		2	-4
126	122	380	380	1.0	1/8	1/8	12/16	2	1	V7		Ab	II		V7	V		7					Mm7	0	0	1, 5, 2, -1		1	1
126	122	381	381	0.25	3/8	3/8	12/16	2	1	I64		Ab	II		I64	I		64					M	0	0	1, 0, 4		0	1
126	122	1525/4	1525/4	1.25	7/16	7/16	12/16	2	1	I		Ab	II		I	I							M	0	0	0, 4, 1		0	0
127	123	765/2	765/2	0.75	0	0	12/16	2	1	vii.#viio2/iv		Ab	vii		#viio2/iv	#vii	o	2		iv			o7	0	1	-5, 4, 1, -2		4	-5
127	123	1533/4	1533/4	0.5	3/16	3/16	12/16	2	1	V7/iv		Ab	vii		V7/iv	V		7		iv			Mm7	0	1	0, 4, 1, -2		0	0
127	123	1535/4	1535/4	0.25	5/16	5/16	12/16	2	1	ii%2/iv		Ab	vii		ii%2/iv	ii	%	2		iv			%7	0	1	-1, 1, -2, -5		1	-1
127	123	384	384	0.5	3/8	3/8	12/16	2	1	V65(9)/iv		Ab	vii		V65(9)/iv	V		65	9	iv			Mm7	0	1	4, 1, -2, 0	-5	0	4
127	123	769/2	769/2	1.0	1/2	1/2	12/16	2	1	V65/iv		Ab	vii		V65/iv	V		65		iv			Mm7	0	1	4, 1, -2, 0		0	4
128	124	771/2	771/2	0.5	0	0	12/16	2	1	iv(11)		Ab	vii		iv(11)	iv			11				m	0	1	-1, -4, 0	-2	-1	-1
128	124	386	386	0.5	1/8	1/8	12/16	2	1	iv		Ab	vii		iv	iv							m	0	1	-1, -4, 0		-1	-1
128	124	773/2	773/2	1.25	1/4	1/4	12/16	2	1	#viio43		Ab	vii		#viio43	#vii	o	43					o7	0	1	-1, -4, 5, 2		5	-1
128	124	1551/4	1551/4	0.75	9/16	9/16	12/16	2	1	i6		Ab	vii		i6	i		6					m	0	1	-3, 1, 0		0	-3
129	125	777/2	777/2	0.75	0	0	12/16	2	1	#viio6		Ab	vii		#viio6	#vii	o	6					o	0	1	2, -1, 5		5	2
129	125	1557/4	1557/4	0.75	3/16	3/16	12/16	2	1	i		Ab	vii		i	i							m	0	1	0, -3, 1		0	0
129	125	390	390	0.75	3/8	3/8	12/16	2	1	bII6		Ab	vii		bII6	bII		6					M	0	1	-1, -4, -5		-5	-1
129	125	1563/4	1563/4	0.75	9/16	9/16	12/16	2	1	viio7/V		Ab	vii		viio7/V	vii	o	7		V			o7	0	1	6, 3, 0, -3		6	6
130	126	783/2	783/2	0.75	0	0	12/16	2	1	V[V(64)		Ab	vii	V	V(64)	V			64				M	0	1	1, 0, -3		1	1
130	126	1569/4	1569/4	1.25	3/16	3/16	12/16	2	1	viio65/V		Ab	vii	V	viio65/V	vii	o	65		V			o7	0	1	3, 0, -3, 6		6	3
130	126	787/2	787/2	0.75	1/2	1/2	12/16	2	1	V]|HC}		Ab	vii	V	V	V					HC	}	M	0	1	1, 5, 2		1	1
130	126	1577/4	1577/4	0.25	11/16	11/16	12/16	2	1	V2{		Ab	vii		V2	V		2				{	Mm7	0	1	-1, 1, 5, 2		1	-1
131	127	789/2	789/2	0.25	0	0	12/16	2	1	i6		Ab	vii		i6	i		6					m	0	1	-3, 1, 0		0	-3
131	127	1579/4	1579/4	0.75	1/16	1/16	12/16	2	1	VI64		Ab	vii		VI64	VI		64					M	0	1	-3, -4, 0		-4	-3
131	127	791/2	791/2	0.5	1/4	1/4	12/16	2	1	i6		Ab	vii		i6	i		6					m	0	1	-3, 1, 0		0	-3
131	127	396	396	1.5	3/8	3/8	12/16	2	1	V64		Ab	vii		V64	V		64					M	0	1	2, 1, 5		1	2
132	128	795/2	795/2	0.25	0	0	12/16	2	1	i		Ab	vii		i	i							m	0	1	0, -3, 1		0	0
132	128	1591/4	1591/4	0.75	1/16	1/16	12/16	2	1	VI64		Ab	vii		VI64	VI		64					M	0	1	-3, -4, 0		-4	-3
132	128	797/2	797/2	0.5	1/4	1/4	12/16	2	1	i		Ab	vii		i	i							m	0	1	0, -3, 1		0	0
132	128	399	399	0.25	3/8	3/8	12/16	2	1	V6(4)		Ab	vii		V6(4)	V		6	4				M	0	1	0, 2, 1		1	0
132	128	1597/4	1597/4	0.75	7/16	7/16	12/16	2	1	V6		Ab	vii		V6	V		6					M	0	1	5, 2, 1		1	5
132	128	400	400	0.75	5/8	5/8	12/16	2	1	V2/iv		Ab	vii		V2/iv	V		2		iv			Mm7	0	1	-2, 0, 4, 1		0	-2
133	129	1603/4	1603/4	0.75	1/16	1/16	12/16	2	1	iv6		Ab	vii		iv6	iv		6					m	0	1	-4, 0, -1		-1	-4
133	129	803/2	803/2	0.75	1/4	1/4	12/16	2	1	iv		Ab	vii		iv	iv							m	0	1	-1, -4, 0		-1	-1
133	129	1609/4	1609/4	0.75	7/16	7/16	12/16	2	1	V(64)		Ab	vii		V(64)	V			64				M	0	1	1, 0, -3		1	1
133	129	403	403	0.25	5/8	5/8	12/16	2	1	V7		Ab	vii		V7	V		7					Mm7	0	1	1, 5, 2, -1		1	1
133	129	1613/4	1613/4	1.0	11/16	11/16	12/16	2	1	#viio2		Ab	vii		#viio2	#vii	o	2					o7	0	1	-4, 5, 2, -1		5	-4
134	130	1617/4	1617/4	0.75	3/16	3/16	12/16	2	1	V7		Ab	vii		V7	V		7					Mm7	0	1	1, 5, 2, -1		1	1
134	130	405	405	1.25	3/8	3/8	12/16	2	1	i|PAC}		Ab	vii		i	i					PAC	}	m	0	1	0, -3, 1		0	0
134	130	1625/4	1625/4	0.75	11/16	11/16	12/16	2	1	i6		Ab	vii		i6	i		6					m	0	1	-3, 1, 0		0	-3
135	131	407	407	0.75	1/8	1/8	12/16	2	1	iio	#viio6	Ab	vii		iio	ii	o						o	0	1	2, -1, -4		2	2
135	131	1631/4	1631/4	0.75	5/16	5/16	12/16	2	1	V		Ab	vii		V	V							M	0	1	1, 5, 2		1	1
135	131	817/2	817/2	11.5	1/2	1/2	12/16	2	1	I		Ab	vii		I	I							M	0	1	0, 4, 1		0	0
140	135	420	420	1.5	0	3/8	6/8	2	1	V{		Ab	vii		V	V						{	M	0	1	1, 5, 2		1	1
141	136	843/2	843/2	1.5	0	0	6/8	2	1	ii	#viio6	Ab	vii		ii	ii							m	0	1	2, -1, 3		2	2
141	136	423	423	1.5	3/8	3/8	6/8	2	1	IV	ii6	Ab	vii		IV	IV							M	0	1	-1, 3, 0		-1	-1
142	137	849/2	849/2	1.5	0	0	6/8	2	1	I		Ab	vii		I	I							M	0	1	0, 4, 1		0	0
142	137	426	426	1.5	3/8	3/8	6/8	2	1	I6		Ab	vii		I6	I		6					M	0	1	4, 1, 0		0	4
143	138	855/2	855/2	1.5	0	0	6/8	2	1	V6		Ab	vii		V6	V		6					M	0	1	5, 2, 1		1	5
143	138	429	429	1.5	3/8	3/8	6/8	2	1	I		Ab	vii		I	I							M	0	1	0, 4, 1		0	0
144	139	861/2	861/2	4.0	0	0	6/8	2	1	I6		Ab	vii		I6	I		6					M	0	1	4, 1, 0		0	4
145	140	869/2	869/2	0.5	1/4	1/4	6/8	2	1	#viio/ii		Ab	vii		#viio/ii	#vii	o			ii			o	0	1	7, 4, 1		7	7
145	140	435	435	1.5	3/8	3/8	6/8	2	1	#viio6		Ab	vii		#viio6	#vii	o	6					o	0	1	2, -1, 5		5	2
146	141	873/2	873/2	1.0	0	0	6/8	2	1	V2/V		Ab	vii		V2/V	V		2		V			Mm7	0	1	0, 2, 6, 3		2	0
146	141	875/2	875/2	0.5	1/4	1/4	6/8	2	1	#vii		Ab	vii		#vii	#vii							m	0	1	5, 2, 6		5	5
146	141	438	438	1.5	3/8	3/8	6/8	2	1	#vi6		Ab	vii		#vi6	#vi		6					m	0	1	0, 4, 3		3	0
147	142	879/2	879/2	1.0	0	0	6/8	2	1	V43/V		Ab	vii		V43/V	V		43		V			Mm7	0	1	3, 0, 2, 6		2	3
147	142	881/2	881/2	0.5	1/4	1/4	6/8	2	1	V6		Ab	vii		V6	V		6					M	0	1	5, 2, 1		1	5
147	142	441	441	1.0	3/8	3/8	6/8	2	1	I		Ab	vii		I	I							M	0	1	0, 4, 1		0	0
147	142	442	442	0.5	5/8	5/8	6/8	2	1	viio6/V		Ab	vii		viio6/V	vii	o	6		V			o	0	1	3, 0, 6		6	3
148	143	885/2	885/2	1.0	0	0	6/8	2	1	V65		Ab	vii		V65	V		65					Mm7	0	1	5, 2, -1, 1		1	5
148	143	887/2	887/2	0.5	1/4	1/4	6/8	2	1	I		Ab	vii		I	I							M	0	1	0, 4, 1		0	0
148	143	444	444	1.0	3/8	3/8	6/8	2	1	ii/iv		Ab	vii		ii/iv	ii				iv			m	0	1	1, -2, 2		1	1
148	143	445	445	0.5	5/8	5/8	6/8	2	1	#viio6/iv		Ab	vii		#viio6/iv	#vii	o	6		iv			o	0	1	1, -2, 4		4	1
149	144	891/2	891/2	1.5	0	0	6/8	2	1	ii		Ab	vii		ii	ii							m	0	1	2, -1, 3		2	2
149	144	447	447	1.0	3/8	3/8	6/8	2	1	iio6		Ab	vii		iio6	ii	o	6					o	0	1	-1, -4, 2		2	-1
149	144	448	448	0.5	5/8	5/8	6/8	2	1	#viio64		Ab	vii		#viio64	#vii	o	64					o	0	1	-1, 5, 2		5	-1
150	145	897/2	897/2	1.5	0	0	6/8	2	1	I		Ab	vii		I	I							M	0	1	0, 4, 1		0	0
150	145	450	450	1.5	3/8	3/8	6/8	2	1	I6		Ab	vii		I6	I		6					M	0	1	4, 1, 0		0	4
151	146	903/2	903/2	1.5	0	0	6/8	2	1	V6		Ab	vii		V6	V		6					M	0	1	5, 2, 1		1	5
151	146	453	453	0.5	3/8	3/8	6/8	2	1	I		Ab	vii		I	I							M	0	1	0, 4, 1		0	0
151	146	907/2	907/2	0.5	1/2	1/2	6/8	2	1	iii.V2		Ab	iii		V2	V		2					Mm7	0	1	-1, 1, 5, 2		1	-1
151	146	454	454	0.5	5/8	5/8	6/8	2	1	i6		Ab	iii		i6	i		6					m	0	1	-3, 1, 0		0	-3
152	147	909/2	909/2	1.0	0	0	6/8	2	1	#viio6		Ab	iii		#viio6	#vii	o	6					o	0	1	2, -1, 5		5	2
152	147	911/2	911/2	0.5	1/4	1/4	6/8	2	1	#viio		Ab	iii		#viio	#vii	o						o	0	1	5, 2, -1		5	5
152	147	456	456	1.0	3/8	3/8	6/8	2	1	i		Ab	iii		i	i							m	0	1	0, -3, 1		0	0
152	147	457	457	0.5	5/8	5/8	6/8	2	1	i6		Ab	iii		i6	i		6					m	0	1	-3, 1, 0		0	-3
153	148	915/2	915/2	1.5	0	0	6/8	2	1	V2		Ab	iii		V2	V		2					Mm7	0	1	-1, 1, 5, 2		1	-1
153	148	459	459	1.5	3/8	3/8	6/8	2	1	#viio6		Ab	iii		#viio6	#vii	o	6					o	0	1	2, -1, 5		5	2
154	149	921/2	921/2	1.0	0	0	6/8	2	1	IV		Ab	iii		IV	IV							M	0	1	-1, 3, 0		-1	-1
154	149	923/2	923/2	0.5	1/4	1/4	6/8	2	1	#viio6		Ab	iii		#viio6	#vii	o	6					o	0	1	2, -1, 5		5	2
154	149	462	462	1.5	3/8	3/8	6/8	2	1	i		Ab	iii		i	i							m	0	1	0, -3, 1		0	0
155	150	927/2	927/2	1.5	0	0	6/8	2	1	ii2		Ab	iii		ii2	ii		2					mm7	0	1	0, 2, -1, 3		2	0
155	150	465	465	1.0	3/8	3/8	6/8	2	1	#viio		Ab	iii		#viio	#vii	o						o	0	1	5, 2, -1		5	5
155	150	466	466	0.5	5/8	5/8	6/8	2	1	#viio7/V		Ab	iii		#viio7/V	#vii	o	7		V			o7	0	1	6, 3, 0, -3		6	6
156	151	933/2	933/2	1.5	0	0	6/8	2	1	V|HC}		Ab	iii		V	V					HC	}	M	0	1	1, 5, 2		1	1
156	151	468	468	1.0	3/8	3/8	6/8	2	1	V6		Ab	iii		V6	V		6					M	0	1	5, 2, 1		1	5
156	151	469	469	0.5	5/8	5/8	6/8	2	1	i6{		Ab	iii		i6	i		6				{	m	0	1	-3, 1, 0		0	-3
157	152	939/2	939/2	1.0	0	0	6/8	2	1	V6		Ab	iii		V6	V		6					M	0	1	5, 2, 1		1	5
157	152	941/2	941/2	3.5	1/4	1/4	6/8	2	1	i		Ab	iii		i	i							m	0	1	0, -3, 1		0	0
158	153	474	474	1.5	3/8	3/8	6/8	2	1	vii.#viio		Ab	vii		#viio	#vii	o						o	0	1	5, 2, -1		5	5
159	154	951/2	951/2	0.5	0	0	6/8	2	1	V2		Ab	vii		V2	V		2					Mm7	0	1	-1, 1, 5, 2		1	-1
159	154	476	476	1.0	1/8	1/8	6/8	2	1	#viio6		Ab	vii		#viio6	#vii	o	6					o	0	1	2, -1, 5		5	2
159	154	477	477	0.5	3/8	3/8	6/8	2	1	V6		Ab	vii		V6	V		6					M	0	1	5, 2, 1		1	5
159	154	955/2	955/2	0.5	1/2	1/2	6/8	2	1	i6		Ab	vii		i6	i		6					m	0	1	-3, 1, 0		0	-3
159	154	478	478	0.5	5/8	5/8	6/8	2	1	V43		Ab	vii		V43	V		43					Mm7	0	1	2, -1, 1, 5		1	2
160	155	957/2	957/2	1.5	0	0	6/8	2	1	i		Ab	vii		i	i							m	0	1	0, -3, 1		0	0
160	155	480	480	3.0	3/8	3/8	6/8	2	1	i6		Ab	vii		i6	i		6					m	0	1	-3, 1, 0		0	-3
161	156	483	483	1.5	3/8	3/8	6/8	2	1	iv64		Ab	vii		iv64	iv		64					m	0	1	0, -1, -4		-1	0
162	157	969/2	969/2	1.5	0	0	6/8	2	1	#viio65		Ab	vii		#viio65	#vii	o	65					o7	0	1	2, -1, -4, 5		5	2
162	157	486	486	1.5	3/8	3/8	6/8	2	1	V65		Ab	vii		V65	V		65					Mm7	0	1	5, 2, -1, 1		1	5
163	158	975/2	975/2	1.5	0	0	6/8	2	1	#viio7/iv		Ab	vii		#viio7/iv	#vii	o	7		iv			o7	0	1	4, 1, -2, -5		4	4
163	158	489	489	1.5	3/8	3/8	6/8	2	1	iv		Ab	vii		iv	iv							m	0	1	-1, -4, 0		-1	-1
164	159	981/2	981/2	1.0	0	0	6/8	2	1	VI/iv		Ab	vii		VI/iv	VI				iv			M	0	1	-5, -1, -4		-5	-5
164	159	983/2	983/2	0.5	1/4	1/4	6/8	2	1	V/iv		Ab	vii		V/iv	V				iv			M	0	1	0, 4, 1		0	0
164	159	492	492	0.5	3/8	3/8	6/8	2	1	iv[iv		Ab	vii	iv	iv	iv							m	0	1	-1, -4, 0		-1	-1
164	159	985/2	985/2	1.0	1/2	1/2	6/8	2	1	iio6/iv		Ab	vii	iv	iio6/iv	ii	o	6		iv			o	0	1	-2, -5, 1		1	-2
165	160	987/2	987/2	1.0	0	0	6/8	2	1	#viio6/vii		Ab	vii	iv	#viio6/vii	#vii	o	6		vii			o	0	1	0, -3, 3		3	0
165	160	989/2	989/2	0.5	1/4	1/4	6/8	2	1	vii64]		Ab	vii	iv	vii64	vii		64					m	0	1	-1, -2, -5		-2	-1
165	160	495	495	2.5	3/8	3/8	6/8	2	1	vii		Ab	vii		vii	vii							m	0	1	-2, -5, -1		-2	-2
166	161	995/2	995/2	0.5	1/4	1/4	6/8	2	1	VII		Ab	vii		VII	VII							M	0	1	-2, 2, -1		-2	-2
166	161	498	498	3.0	3/8	3/8	6/8	2	1	V7		Ab	vii		V7	V		7					Mm7	0	1	1, 5, 2, -1		1	1
167	162	501	501	2.0	3/8	3/8	6/8	2	1	i		Ab	vii		i	i							m	0	1	0, -3, 1		0	0
168	163	503	503	1.0	1/8	1/8	6/8	2	1	V/iv		Ab	vii		V/iv	V				iv			M	0	1	0, 4, 1		0	0
168	163	504	504	1.0	3/8	3/8	6/8	2	1	iv6		Ab	vii		iv6	iv		6					m	0	1	-4, 0, -1		-1	-4
168	163	505	505	2.0	5/8	5/8	6/8	2	1	I.V		Ab	I		V	V							M	0	0	1, 5, 2		1	1
169	164	507	507	1.0	3/8	3/8	6/8	2	1	I		Ab	I		I	I							M	0	0	0, 4, 1		0	0
169	164	508	508	2.0	5/8	5/8	6/8	2	1	vi6		Ab	I		vi6	vi		6					m	0	0	0, 4, 3		3	0
170	165	510	510	3.0	3/8	3/8	6/8	2	1	V6		Ab	I		V6	V		6					M	0	0	5, 2, 1		1	5
171	166	513	513	3.0	3/8	3/8	6/8	2	1	viio6/V		Ab	I		viio6/V	vii	o	6		V			o	0	0	3, 0, 6		6	3
172	167	516	516	1.5	3/8	3/8	6/8	2	1	V		Ab	I		V	V							M	0	0	1, 5, 2		1	1
173	168	1035/2	1035/2	1.0	0	0	6/8	2	1	viio/V		Ab	I		viio/V	vii	o			V			o	0	0	6, 3, 0		6	6
173	168	1037/2	1037/2	0.5	1/4	1/4	6/8	2	1	V/V		Ab	I		V/V	V				V			M	0	0	2, 6, 3		2	2
173	168	519	519	1.5	3/8	3/8	6/8	2	1	V		Ab	I		V	V							M	0	0	1, 5, 2		1	1
174	169	1041/2	1041/2	1.5	0	0	6/8	2	1	V		Ab	I		V	V							M	0	0	1, 5, 2		1	1
174	169	522	522	1.5	3/8	3/8	6/8	2	1	iio6/ii		Ab	I		iio6/ii	ii	o	6		ii			o	0	0	1, -2, 4		4	1
175	170	1047/2	1047/2	1.5	0	0	6/8	2	1	V/ii		Ab	I		V/ii	V				ii			M	0	0	3, 7, 4		3	3
175	170	525	525	1.5	3/8	3/8	6/8	2	1	ii6		Ab	I		ii6	ii		6					m	0	0	-1, 3, 2		2	-1
176	171	1053/2	1053/2	1.5	0	0	6/8	2	1	V		Ab	I		V	V							M	0	0	1, 5, 2		1	1
176	171	528	528	1.5	3/8	3/8	6/8	2	1	I6		Ab	I		I6	I		6					M	0	0	4, 1, 0		0	4
177	172	1059/2	1059/2	1.5	0	0	6/8	2	1	IV		Ab	I		IV	IV							M	0	0	-1, 3, 0		-1	-1
177	172	531	531	1.0	3/8	3/8	6/8	2	1	V43		Ab	I		V43	V		43					Mm7	0	0	2, -1, 1, 5		1	2
177	172	532	532	0.5	5/8	5/8	6/8	2	1	I		Ab	I		I	I							M	0	0	0, 4, 1		0	0
178	173	1065/2	1065/2	0.5	0	0	6/8	2	1	vii6		Ab	I		vii6	vii		6					m	0	0	2, 6, 5		5	2
178	173	533	533	1.0	1/8	1/8	6/8	2	1	ii		Ab	I		ii	ii							m	0	0	2, -1, 3		2	2
178	173	534	534	1.0	3/8	3/8	6/8	2	1	I|IAC}{		Ab	I		I	I					IAC	}{	M	0	0	0, 4, 1		0	0
178	173	535	535	0.5	5/8	5/8	6/8	2	1	V7/IV		Ab	I		V7/IV	V		7		IV			Mm7	0	0	0, 4, 1, -2		0	0
179	174	1071/2	1071/2	1.5	0	0	6/8	2	1	IV		Ab	I		IV	IV							M	0	0	-1, 3, 0		-1	-1
179	174	537	537	1.5	3/8	3/8	6/8	2	1	ii		Ab	I		ii	ii							m	0	0	2, -1, 3		2	2
180	175	1077/2	1077/2	1.5	0	0	6/8	2	1	V		Ab	I		V	V							M	0	0	1, 5, 2		1	1
180	175	540	540	1.5	3/8	3/8	6/8	2	1	I6		Ab	I		I6	I		6					M	0	0	4, 1, 0		0	4
181	176	1083/2	1083/2	1.5	0	0	6/8	2	1	V43		Ab	I		V43	V		43					Mm7	0	0	2, -1, 1, 5		1	2
181	176	543	543	0.5	3/8	3/8	6/8	2	1	V(64)		Ab	I		V(64)	V			64				M	0	0	1, 0, 4		1	1
181	176	1087/2	1087/2	0.5	1/2	1/2	6/8	2	1	V(4)		Ab	I		V(4)	V			4				M	0	0	1, 0, 2		1	1
181	176	544	544	0.5	5/8	5/8	6/8	2	1	V2		Ab	I		V2	V		2					Mm7	0	0	-1, 1, 5, 2		1	-1
182	177	1089/2	1089/2	0.5	0	0	6/8	2	1	I6		Ab	I		I6	I		6					M	0	0	4, 1, 0		0	4
182	177	545	545	0.5	1/8	1/8	6/8	2	1	V64		Ab	I		V64	V		64					M	0	0	2, 1, 5		1	2
182	177	1091/2	1091/2	0.5	1/4	1/4	6/8	2	1	I		Ab	I		I	I							M	0	0	0, 4, 1		0	0
182	177	546	546	1.5	3/8	3/8	6/8	2	1	V65		Ab	I		V65	V		65					Mm7	0	0	5, 2, -1, 1		1	5
183	178	1095/2	1095/2	1.0	0	0	6/8	2	1	I(4)		Ab	I		I(4)	I			4				M	0	0	0, -1, 1		0	0
183	178	1097/2	1097/2	0.5	1/4	1/4	6/8	2	1	I		Ab	I		I	I							M	0	0	0, 4, 1		0	0
183	178	549	549	1.5	3/8	3/8	6/8	2	1	vi		Ab	I		vi	vi							m	0	0	3, 0, 4		3	3
184	179	1101/2	1101/2	1.5	0	0	6/8	2	1	V/V		Ab	I		V/V	V				V			M	0	0	2, 6, 3		2	2
184	179	552	552	1.5	3/8	3/8	6/8	2	1	V6		Ab	I		V6	V		6					M	0	0	5, 2, 1		1	5
185	180	1107/2	1107/2	1.5	0	0	6/8	2	1	I6		Ab	I		I6	I		6					M	0	0	4, 1, 0		0	4
185	180	555	555	1.0	3/8	3/8	6/8	2	1	V7/V		Ab	I		V7/V	V		7		V			Mm7	0	0	2, 6, 3, 0		2	2
185	180	556	556	0.5	5/8	5/8	6/8	2	1	V2/V		Ab	I		V2/V	V		2		V			Mm7	0	0	0, 2, 6, 3		2	0
186	181	1113/2	1113/2	1.5	0	0	6/8	2	1	V65		Ab	I		V65	V		65					Mm7	0	0	5, 2, -1, 1		1	5
186	181	558	558	1.0	3/8	3/8	6/8	2	1	viio6(72)		Ab	I		viio6(72)	vii	o	6	72				o	0	0	2, -1, 0, 3		5	2
186	181	559	559	0.5	5/8	5/8	6/8	2	1	viio6		Ab	I		viio6	vii	o	6					o	0	0	2, -1, 5		5	2
187	182	1119/2	1119/2	2.0	0	0	6/8	2	1	V43		Ab	I		V43	V		43					Mm7	0	0	2, -1, 1, 5		1	2
187	182	1123/2	1123/2	0.5	1/2	1/2	6/8	2	1	I		Ab	I		I	I							M	0	0	0, 4, 1		0	0
187	182	562	562	0.5	5/8	5/8	6/8	2	1	vii%43/IV		Ab	I		vii%43/IV	vii	%	43		IV			%7	0	0	-2, 2, 4, 1		4	-2
188	183	1125/2	1125/2	1.0	0	0	6/8	2	1	IV6		Ab	I		IV6	IV		6					M	0	0	3, 0, -1		-1	3
188	183	1127/2	1127/2	0.5	1/4	1/4	6/8	2	1	V6		Ab	I		V6	V		6					M	0	0	5, 2, 1		1	5
188	183	564	564	1.5	3/8	3/8	6/8	2	1	I6|IAC}{		Ab	I		I6	I		6			IAC	}{	M	0	0	4, 1, 0		0	4
189	184	1131/2	1131/2	1.5	0	0	6/8	2	1	V43		Ab	I		V43	V		43					Mm7	0	0	2, -1, 1, 5		1	2
189	184	567	567	1.5	3/8	3/8	6/8	2	1	V2		Ab	I		V2	V		2					Mm7	0	0	-1, 1, 5, 2		1	-1
190	185	1137/2	1137/2	1.5	0	0	6/8	2	1	I6		Ab	I		I6	I		6					M	0	0	4, 1, 0		0	4
190	185	570	570	1.5	3/8	3/8	6/8	2	1	V43/IV		Ab	I		V43/IV	V		43		IV			Mm7	0	0	1, -2, 0, 4		0	1
191	186	1143/2	1143/2	1.0	0	0	6/8	2	1	IV		Ab	I		IV	IV							M	0	0	-1, 3, 0		-1	-1
191	186	1145/2	1145/2	0.5	1/4	1/4	6/8	2	1	V65/V		Ab	I		V65/V	V		65		V			Mm7	0	0	6, 3, 0, 2		2	6
191	186	573	573	1.0	3/8	3/8	6/8	2	1	V		Ab	I		V	V							M	0	0	1, 5, 2		1	1
191	186	574	574	0.5	5/8	5/8	6/8	2	1	#viio7/vi		Ab	I		#viio7/vi	#vii	o	7		vi			o7	0	0	8, 5, 2, -1		8	8
192	187	1149/2	1149/2	1.5	0	0	6/8	2	1	vi		Ab	I		vi	vi							m	0	0	3, 0, 4		3	3
192	187	576	576	1.5	3/8	3/8	6/8	2	1	IV6		Ab	I		IV6	IV		6					M	0	0	3, 0, -1		-1	3
193	188	1155/2	1155/2	1.5	0	0	6/8	2	1	IV		Ab	I		IV	IV							M	0	0	-1, 3, 0		-1	-1
193	188	579	579	1.0	3/8	3/8	6/8	2	1	IV6(119)		Ab	I		IV6(119)	IV		6	119				M	0	0	3, 0, -1	5, 1	-1	3
193	188	580	580	0.5	5/8	5/8	6/8	2	1	IV6		Ab	I		IV6	IV		6					M	0	0	3, 0, -1		-1	3
194	189	1161/2	1161/2	3.0	0	0	6/8	2	1	I		Ab	I		I	I							M	0	0	0, 4, 1		0	0
195	190	1167/2	1167/2	1.5	0	0	6/8	2	1	ii6(9)		Ab	I		ii6(9)	ii		6	9				m	0	0	-1, 3, 2	4	2	-1
195	190	585	585	1.0	3/8	3/8	6/8	2	1	V6/V		Ab	I		V6/V	V		6		V			M	0	0	6, 3, 2		2	6
195	190	586	586	0.5	5/8	5/8	6/8	2	1	V65/V		Ab	I		V65/V	V		65		V			Mm7	0	0	6, 3, 0, 2		2	6
196	191	1173/2	1173/2	1.5	0	0	6/8	2	1	V		Ab	I		V	V							M	0	0	1, 5, 2		1	1
196	191	588	588	2.0	3/8	3/8	6/8	2	1	V7(9)		Ab	I		V7(9)	V		7	9				Mm7	0	0	1, 5, 2, -1	3	1	1
197	192	590	590	0.5	1/8	1/8	6/8	2	1	IV6		Ab	I		IV6	IV		6					M	0	0	3, 0, -1		-1	3
197	192	1181/2	1181/2	0.5	1/4	1/4	6/8	2	1	vii%7		Ab	I		vii%7	vii	%	7					%7	0	0	5, 2, -1, 3		5	5
197	192	591	591	0.5	3/8	3/8	6/8	2	1	V6(13)		Ab	I		V6(13)	V		6	13				M	0	0	5, 2, 1	4	1	5
197	192	1183/2	1183/2	0.5	1/2	1/2	6/8	2	1	I		Ab	I		I	I							M	0	0	0, 4, 1		0	0
197	192	592	592	0.5	5/8	5/8	6/8	2	1	viio6		Ab	I		viio6	vii	o	6					o	0	0	2, -1, 5		5	2
198	193	1185/2	1185/2	1.5	0	0	6/8	2	1	I6		Ab	I		I6	I		6					M	0	0	4, 1, 0		0	4
198	193	594	594	3.0	3/8	3/8	6/8	2	1	#viio7/iii		Ab	I		#viio7/iii	#vii	o	7		iii			o7	0	0	9, 6, 3, 0		9	9
199	194	597	597	1.0	3/8	3/8	6/8	2	1	#viio7(6)/iii		Ab	I		#viio7(6)/iii	#vii	o	7	6	iii			o7	0	0	9, 6, 5, 0		9	9
199	194	598	598	0.5	5/8	5/8	6/8	2	1	#viio7/iii		Ab	I		#viio7/iii	#vii	o	7		iii			o7	0	0	9, 6, 3, 0		9	9
200	195	1197/2	1197/2	1.5	0	0	6/8	2	1	I6		Ab	I		I6	I		6					M	0	0	4, 1, 0		0	4
200	195	600	600	1.0	3/8	3/8	6/8	2	1	ii65		Ab	I		ii65	ii		65					mm7	0	0	-1, 3, 0, 2		2	-1
200	195	601	601	0.5	5/8	5/8	6/8	2	1	V65/V		Ab	I		V65/V	V		65		V			Mm7	0	0	6, 3, 0, 2		2	6
201	196	1203/2	1203/2	1.5	0	0	6/8	2	1	V(64)		Ab	I		V(64)	V			64				M	0	0	1, 0, 4		1	1
201	196	603	603	0.5	3/8	3/8	6/8	2	1	V6		Ab	I		V6	V		6					M	0	0	5, 2, 1		1	5
201	196	1207/2	1207/2	1.0	1/2	1/2	6/8	2	1	V		Ab	I		V	V							M	0	0	1, 5, 2		1	1
202	197	1209/2	1209/2	1.5	0	0	6/8	2	1	V43/V		Ab	I		V43/V	V		43		V			Mm7	0	0	3, 0, 2, 6		2	3
202	197	606	606	1.5	3/8	3/8	6/8	2	1	V65		Ab	I		V65	V		65					Mm7	0	0	5, 2, -1, 1		1	5
203	198	1215/2	1215/2	1.0	0	0	6/8	2	1	I		Ab	I		I	I							M	0	0	0, 4, 1		0	0
203	198	1217/2	1217/2	0.5	1/4	1/4	6/8	2	1	V43/IV		Ab	I		V43/IV	V		43		IV			Mm7	0	0	1, -2, 0, 4		0	1
203	198	609	609	1.0	3/8	3/8	6/8	2	1	IV		Ab	I		IV	IV							M	0	0	-1, 3, 0		-1	-1
203	198	610	610	0.5	5/8	5/8	6/8	2	1	V65/V		Ab	I		V65/V	V		65		V			Mm7	0	0	6, 3, 0, 2		2	6
204	199	1221/2	1221/2	0.5	0	0	6/8	2	1	V(64)		Ab	I		V(64)	V			64				M	0	0	1, 0, 4		1	1
204	199	611	611	0.5	1/8	1/8	6/8	2	1	ii65		Ab	I		ii65	ii		65					mm7	0	0	-1, 3, 0, 2		2	-1
204	199	1223/2	1223/2	0.5	1/4	1/4	6/8	2	1	V7		Ab	I		V7	V		7					Mm7	0	0	1, 5, 2, -1		1	1
204	199	612	612	1.5	3/8	3/8	6/8	2	1	I[I|PAC}		Ab	I	I	I	I					PAC	}	M	0	0	0, 4, 1		0	0
205	200	1227/2	1227/2	1.5	0	0	6/8	2	1	IV{		Ab	I	I	IV	IV						{	M	0	0	-1, 3, 0		-1	-1
205	200	615	615	1.5	3/8	3/8	6/8	2	1	viio43		Ab	I	I	viio43	vii	o	43					o7	0	0	-1, -4, 5, 2		5	-1
206	201	1233/2	1233/2	1.5	0	0	6/8	2	1	I		Ab	I	I	I	I							M	0	0	0, 4, 1		0	0
206	201	618	618	1.5	3/8	3/8	6/8	2	1	V7/IV		Ab	I	I	V7/IV	V		7		IV			Mm7	0	0	0, 4, 1, -2		0	0
207	202	1239/2	1239/2	1.5	0	0	6/8	2	1	IV		Ab	I	I	IV	IV							M	0	0	-1, 3, 0		-1	-1
207	202	621	621	1.5	3/8	3/8	6/8	2	1	viio7/V		Ab	I	I	viio7/V	vii	o	7		V			o7	0	0	6, 3, 0, -3		6	6
208	203	1245/2	1245/2	1.5	0	0	6/8	2	1	V7/IV		Ab	I	I	V7/IV	V		7		IV			Mm7	0	0	0, 4, 1, -2		0	0
208	203	624	624	1.0	3/8	3/8	6/8	2	1	V7(6)/IV		Ab	I	I	V7(6)/IV	V		7	6	IV			Mm7	0	0	0, 4, 3, -2		0	0
208	203	625	625	0.5	5/8	5/8	6/8	2	1	V7/IV		Ab	I	I	V7/IV	V		7		IV			Mm7	0	0	0, 4, 1, -2		0	0
209	204	1251/2	1251/2	1.5	0	0	6/8	2	1	IV		Ab	I	I	IV	IV							M	0	0	-1, 3, 0		-1	-1
209	204	627	627	1.5	3/8	3/8	6/8	2	1	viio/V		Ab	I	I	viio/V	vii	o			V			o	0	0	6, 3, 0		6	6
210	205	1257/2	1257/2	1.5	0	0	6/8	2	1	viio7/V		Ab	I	I	viio7/V	vii	o	7		V			o7	0	0	6, 3, 0, -3		6	6
210	205	630	630	1.0	3/8	3/8	6/8	2	1	viio7(b4)/V		Ab	I	I	viio7(b4)/V	vii	o	7	b4	V			o7	0	0	6, -2, 0, -3		6	6
210	205	631	631	0.5	5/8	5/8	6/8	2	1	viio7/V		Ab	I	I	viio7/V	vii	o	7		V			o7	0	0	6, 3, 0, -3		6	6
211	206	1263/2	1263/2	4.5	0	0	6/8	2	1	viio65		Ab	I	I	viio65	vii	o	65					o7	0	0	2, -1, -4, 5		5	2
212	207	636	636	1.0	3/8	3/8	6/8	2	1	viio65(2)		Ab	I	I	viio65(2)	vii	o	65	2				o7	0	0	2, -1, -4, 0		5	2
212	207	637	637	0.5	5/8	5/8	6/8	2	1	viio65		Ab	I	I	viio65	vii	o	65					o7	0	0	2, -1, -4, 5		5	2
213	208	1275/2	1275/2	13.5	0	0	6/8	2	1	I]|PAC}		Ab	I	I	I	I					PAC	}	M	0	0	0, 4, 1		0	0
